"","team_fifa_api_id","team_api_id","team_long_name","team_short_name","date","buildUpPlaySpeed","buildUpPlaySpeedClass","buildUpPlayDribbling","buildUpPlayDribblingClass","buildUpPlayPassing","buildUpPlayPassingClass","buildUpPlayPositioningClass","chanceCreationPassing","chanceCreationPassingClass","chanceCreationCrossing","chanceCreationCrossingClass","chanceCreationShooting","chanceCreationShootingClass","chanceCreationPositioningClass","defencePressure","defencePressureClass","defenceAggression","defenceAggressionClass","defenceTeamWidth","defenceTeamWidthClass","defenceDefenderLineClass"
"3",1,9825,"Arsenal","ARS","2015-09-10 00:00:00",59,"Balanced",51,"Normal",30,"Short","Organised",28,"Safe",44,"Normal",46,"Normal","Free Form",51,"Medium",44,"Press",52,"Normal","Cover"
"5",1,9825,"Arsenal","ARS","2014-09-19 00:00:00",59,"Balanced",51,"Normal",26,"Short","Organised",28,"Safe",55,"Normal",64,"Normal","Free Form",51,"Medium",44,"Press",52,"Normal","Cover"
"8",10,8456,"Manchester City","MCI","2014-09-19 00:00:00",59,"Balanced",35,"Normal",29,"Short","Organised",32,"Safe",49,"Normal",62,"Normal","Organised",42,"Medium",44,"Press",54,"Normal","Cover"
"12",10,8456,"Manchester City","MCI","2015-09-10 00:00:00",59,"Balanced",35,"Normal",29,"Short","Free Form",38,"Normal",36,"Normal",24,"Little","Free Form",48,"Medium",47,"Press",54,"Normal","Cover"
"13",100081,8571,"KV Kortrijk","KOR","2014-09-19 00:00:00",42,"Balanced",40,"Normal",47,"Mixed","Organised",37,"Normal",67,"Lots",30,"Little","Organised",46,"Medium",45,"Press",52,"Normal","Cover"
"16",100081,8571,"KV Kortrijk","KOR","2015-09-10 00:00:00",42,"Balanced",40,"Normal",47,"Mixed","Organised",37,"Normal",67,"Lots",30,"Little","Organised",46,"Medium",45,"Press",52,"Normal","Cover"
"20",100087,1773,"Oud-Heverlee Leuven","O-H","2014-09-19 00:00:00",52,"Balanced",51,"Normal",50,"Mixed","Organised",50,"Normal",53,"Normal",54,"Normal","Organised",43,"Medium",44,"Press",50,"Normal","Cover"
"23",10020,7842,"Estoril Praia","EST","2015-09-10 00:00:00",59,"Balanced",56,"Normal",52,"Mixed","Organised",47,"Normal",53,"Normal",39,"Normal","Organised",46,"Medium",49,"Press",55,"Normal","Cover"
"25",10020,7842,"Estoril Praia","EST","2014-09-19 00:00:00",66,"Balanced",56,"Normal",52,"Mixed","Organised",47,"Normal",53,"Normal",39,"Normal","Organised",46,"Medium",49,"Press",55,"Normal","Cover"
"26",10029,8226,"TSG 1899 Hoffenheim","HOF","2015-09-10 00:00:00",69,"Fast",49,"Normal",53,"Mixed","Organised",66,"Normal",62,"Normal",59,"Normal","Organised",63,"Medium",61,"Press",38,"Normal","Cover"
"27",10029,8226,"TSG 1899 Hoffenheim","HOF","2014-09-19 00:00:00",68,"Fast",49,"Normal",63,"Mixed","Organised",68,"Risky",38,"Normal",55,"Normal","Free Form",56,"Medium",57,"Press",54,"Normal","Cover"
"33",10030,8460,"SC Paderborn 07","PAD","2014-09-19 00:00:00",73,"Fast",46,"Normal",55,"Mixed","Organised",52,"Normal",48,"Normal",63,"Normal","Organised",33,"Deep",55,"Press",53,"Normal","Cover"
"37",10030,8460,"SC Paderborn 07","PAD","2015-09-10 00:00:00",67,"Fast",46,"Normal",62,"Mixed","Organised",56,"Normal",48,"Normal",56,"Normal","Organised",25,"Deep",29,"Contain",54,"Normal","Cover"
"42",100409,8406,"FC Augsburg","AUG","2015-09-10 00:00:00",59,"Balanced",51,"Normal",55,"Mixed","Organised",49,"Normal",62,"Normal",55,"Normal","Organised",34,"Medium",50,"Press",59,"Normal","Cover"
"43",100409,8406,"FC Augsburg","AUG","2014-09-19 00:00:00",62,"Balanced",38,"Normal",69,"Long","Organised",41,"Normal",63,"Normal",56,"Normal","Organised",47,"Medium",55,"Press",52,"Normal","Cover"
"44",100626,6631,"FC Dordrecht","DOR","2015-09-10 00:00:00",39,"Balanced",33,"Little",62,"Mixed","Organised",62,"Normal",66,"Normal",48,"Normal","Organised",51,"Medium",58,"Press",55,"Normal","Cover"
"45",100632,6433,"Go Ahead Eagles","GAE","2015-09-10 00:00:00",58,"Balanced",38,"Normal",64,"Mixed","Organised",37,"Normal",42,"Normal",52,"Normal","Organised",43,"Medium",47,"Press",51,"Normal","Cover"
"46",100632,6433,"Go Ahead Eagles","GAE","2014-09-19 00:00:00",55,"Balanced",47,"Normal",42,"Mixed","Organised",37,"Normal",42,"Normal",53,"Normal","Organised",43,"Medium",47,"Press",51,"Normal","Cover"
"47",100634,9791,"Heracles Almelo","HER","2015-09-10 00:00:00",50,"Balanced",36,"Normal",61,"Mixed","Organised",48,"Normal",58,"Normal",59,"Normal","Organised",60,"Medium",62,"Press",47,"Normal","Cover"
"48",100634,9791,"Heracles Almelo","HER","2014-09-19 00:00:00",46,"Balanced",55,"Normal",32,"Short","Organised",48,"Normal",58,"Normal",59,"Normal","Organised",60,"Medium",62,"Press",47,"Normal","Cover"
"60",100741,6547,"FC Penafiel","PEN","2015-09-10 00:00:00",54,"Balanced",54,"Normal",39,"Mixed","Organised",52,"Normal",56,"Normal",38,"Normal","Organised",40,"Medium",35,"Press",46,"Normal","Cover"
"61",100804,8467,"St. Johnstone FC","JOH","2014-09-19 00:00:00",56,"Balanced",48,"Normal",57,"Mixed","Organised",47,"Normal",49,"Normal",40,"Normal","Organised",40,"Medium",40,"Press",52,"Normal","Cover"
"66",100804,8467,"St. Johnstone FC","JOH","2015-09-10 00:00:00",62,"Balanced",52,"Normal",48,"Mixed","Organised",47,"Normal",49,"Normal",40,"Normal","Organised",37,"Medium",48,"Press",55,"Normal","Cover"
"67",100805,9800,"St. Mirren","MIR","2014-09-19 00:00:00",58,"Balanced",50,"Normal",70,"Long","Organised",62,"Normal",56,"Normal",61,"Normal","Organised",50,"Medium",49,"Press",41,"Normal","Cover"
"70",100805,9800,"St. Mirren","MIR","2015-09-10 00:00:00",38,"Balanced",53,"Normal",33,"Short","Organised",53,"Normal",58,"Normal",53,"Normal","Organised",60,"Medium",58,"Press",48,"Normal","Cover"
"77",100879,10278,"Hércules Club de Fútbol","HER","2014-09-19 00:00:00",53,"Balanced",47,"Normal",54,"Mixed","Organised",60,"Normal",58,"Normal",60,"Normal","Organised",50,"Medium",52,"Press",58,"Normal","Cover"
"80",106,8472,"Sunderland","SUN","2015-09-10 00:00:00",43,"Balanced",43,"Normal",51,"Mixed","Organised",59,"Normal",50,"Normal",55,"Normal","Organised",47,"Medium",45,"Press",49,"Normal","Cover"
"81",106,8472,"Sunderland","SUN","2014-09-19 00:00:00",60,"Balanced",33,"Little",61,"Mixed","Organised",56,"Normal",44,"Normal",58,"Normal","Organised",41,"Medium",38,"Press",53,"Normal","Cover"
"86",109,8659,"West Bromwich Albion","WBA","2014-09-19 00:00:00",55,"Balanced",34,"Normal",51,"Mixed","Organised",53,"Normal",53,"Normal",57,"Normal","Organised",41,"Medium",40,"Press",49,"Normal","Cover"
"87",109,8659,"West Bromwich Albion","WBA","2015-09-10 00:00:00",62,"Balanced",32,"Little",51,"Mixed","Organised",53,"Normal",50,"Normal",60,"Normal","Organised",41,"Medium",40,"Press",49,"Normal","Cover"
"90",11,10260,"Manchester United","MUN","2014-09-19 00:00:00",46,"Balanced",34,"Normal",54,"Mixed","Organised",49,"Normal",72,"Lots",56,"Normal","Organised",42,"Medium",41,"Press",56,"Normal","Cover"
"93",11,10260,"Manchester United","MUN","2015-09-10 00:00:00",38,"Balanced",42,"Normal",44,"Mixed","Organised",49,"Normal",44,"Normal",40,"Normal","Organised",54,"Medium",53,"Press",56,"Normal","Cover"
"100",110,8602,"Wolverhampton Wanderers","WOL","2015-09-10 00:00:00",46,"Balanced",36,"Normal",54,"Mixed","Organised",55,"Normal",47,"Normal",48,"Normal","Organised",47,"Medium",48,"Press",55,"Normal","Cover"
"101",110,8602,"Wolverhampton Wanderers","WOL","2014-09-19 00:00:00",47,"Balanced",28,"Little",58,"Mixed","Organised",55,"Normal",64,"Normal",56,"Normal","Organised",47,"Medium",48,"Press",52,"Normal","Cover"
"103",110316,6391,"GFC Ajaccio","GAJ","2015-09-10 00:00:00",48,"Balanced",53,"Normal",52,"Mixed","Organised",55,"Normal",53,"Normal",55,"Normal","Organised",42,"Medium",46,"Press",53,"Normal","Cover"
"108",110329,8152,"FC St. Pauli","STP","2014-09-19 00:00:00",53,"Balanced",52,"Normal",56,"Mixed","Organised",68,"Risky",53,"Normal",34,"Normal","Organised",46,"Medium",44,"Press",54,"Normal","Cover"
"109",110329,8152,"FC St. Pauli","STP","2015-09-10 00:00:00",52,"Balanced",52,"Normal",56,"Mixed","Organised",62,"Normal",53,"Normal",38,"Normal","Organised",39,"Medium",44,"Press",57,"Normal","Cover"
"110",110364,8530,"Catania","CAT","2014-09-19 00:00:00",75,"Fast",52,"Normal",48,"Mixed","Organised",53,"Normal",52,"Normal",36,"Normal","Organised",28,"Deep",67,"Double",52,"Normal","Cover"
"113",110364,8530,"Catania","CAT","2015-09-10 00:00:00",70,"Fast",52,"Normal",48,"Mixed","Organised",53,"Normal",52,"Normal",36,"Normal","Organised",31,"Deep",64,"Press",52,"Normal","Cover"
"117",110374,8535,"Fiorentina","FIO","2015-09-10 00:00:00",34,"Balanced",54,"Normal",33,"Short","Organised",68,"Risky",51,"Normal",53,"Normal","Organised",58,"Medium",59,"Press",61,"Normal","Cover"
"120",110374,8535,"Fiorentina","FIO","2014-09-19 00:00:00",34,"Balanced",54,"Normal",33,"Short","Organised",68,"Risky",51,"Normal",53,"Normal","Organised",58,"Medium",59,"Press",67,"Wide","Cover"
"123",110456,9873,"Valenciennes FC","VAL","2015-09-10 00:00:00",49,"Balanced",59,"Normal",52,"Mixed","Organised",51,"Normal",67,"Lots",56,"Normal","Organised",47,"Medium",51,"Press",46,"Normal","Cover"
"126",110456,9873,"Valenciennes FC","VAL","2014-09-19 00:00:00",49,"Balanced",59,"Normal",52,"Mixed","Organised",51,"Normal",67,"Lots",56,"Normal","Organised",47,"Medium",51,"Press",46,"Normal","Cover"
"130",110500,9776,"Eintracht Braunschweig","BRA","2014-09-19 00:00:00",61,"Balanced",60,"Normal",62,"Mixed","Organised",59,"Normal",43,"Normal",55,"Normal","Organised",30,"Deep",40,"Press",39,"Normal","Cover"
"131",110500,9776,"Eintracht Braunschweig","BRA","2015-09-10 00:00:00",66,"Balanced",44,"Normal",54,"Mixed","Organised",62,"Normal",59,"Normal",51,"Normal","Free Form",57,"Medium",47,"Press",53,"Normal","Cover"
"132",110502,8262,"SV Darmstadt 98","DAR","2015-09-10 00:00:00",59,"Balanced",43,"Normal",77,"Long","Organised",52,"Normal",77,"Lots",45,"Normal","Organised",32,"Deep",56,"Press",41,"Normal","Cover"
"134",110556,10233,"Genoa","GEN","2014-09-19 00:00:00",64,"Balanced",52,"Normal",68,"Long","Organised",66,"Normal",53,"Normal",49,"Normal","Organised",23,"Deep",47,"Press",53,"Normal","Cover"
"138",110556,10233,"Genoa","GEN","2015-09-10 00:00:00",64,"Balanced",52,"Normal",68,"Long","Organised",66,"Normal",45,"Normal",23,"Little","Organised",27,"Deep",47,"Press",53,"Normal","Cover"
"139",110565,8019,"Górnik Leczna","LEC","2015-09-10 00:00:00",41,"Balanced",40,"Normal",59,"Mixed","Organised",41,"Normal",44,"Normal",54,"Normal","Organised",52,"Medium",47,"Press",50,"Normal","Cover"
"141",110569,9836,"Dijon FCO","DIJ","2014-09-19 00:00:00",51,"Balanced",54,"Normal",49,"Mixed","Organised",49,"Normal",52,"Normal",52,"Normal","Organised",45,"Medium",46,"Press",58,"Normal","Cover"
"142",110569,9836,"Dijon FCO","DIJ","2015-09-10 00:00:00",51,"Balanced",54,"Normal",49,"Mixed","Organised",49,"Normal",52,"Normal",52,"Normal","Organised",45,"Medium",46,"Press",58,"Normal","Cover"
"148",110636,8194,"Fortuna Düsseldorf","FDU","2015-09-10 00:00:00",47,"Balanced",62,"Normal",47,"Mixed","Organised",55,"Normal",68,"Lots",55,"Normal","Organised",56,"Medium",57,"Press",52,"Normal","Cover"
"150",110636,8194,"Fortuna Düsseldorf","FDU","2014-09-19 00:00:00",72,"Fast",69,"Lots",57,"Mixed","Organised",55,"Normal",49,"Normal",37,"Normal","Organised",47,"Medium",48,"Press",50,"Normal","Cover"
"152",110724,8203,"KV Mechelen","MEC","2014-09-19 00:00:00",52,"Balanced",42,"Normal",40,"Mixed","Organised",47,"Normal",53,"Normal",50,"Normal","Organised",42,"Medium",51,"Press",52,"Normal","Cover"
"156",110724,8203,"KV Mechelen","MEC","2015-09-10 00:00:00",52,"Balanced",42,"Normal",40,"Mixed","Organised",47,"Normal",53,"Normal",50,"Normal","Organised",42,"Medium",51,"Press",52,"Normal","Cover"
"161",110744,8569,"GKS Belchatów","BEL","2015-09-10 00:00:00",52,"Balanced",48,"Normal",43,"Mixed","Organised",52,"Normal",37,"Normal",50,"Normal","Organised",47,"Medium",45,"Press",40,"Normal","Cover"
"164",110745,1957,"Jagiellonia Bialystok","BIA","2014-09-19 00:00:00",38,"Balanced",54,"Normal",38,"Mixed","Organised",53,"Normal",27,"Little",66,"Normal","Organised",57,"Medium",56,"Press",49,"Normal","Cover"
"167",110745,1957,"Jagiellonia Bialystok","BIA","2015-09-10 00:00:00",66,"Balanced",54,"Normal",38,"Mixed","Organised",53,"Normal",33,"Little",66,"Normal","Organised",57,"Medium",56,"Press",49,"Normal","Cover"
"170",110746,8023,"Pogon Szczecin","POG","2015-09-10 00:00:00",50,"Balanced",33,"Little",36,"Mixed","Organised",52,"Normal",40,"Normal",52,"Normal","Organised",57,"Medium",54,"Press",47,"Normal","Cover"
"171",110746,8023,"Pogon Szczecin","POG","2014-09-19 00:00:00",50,"Balanced",48,"Normal",36,"Mixed","Free Form",52,"Normal",36,"Normal",52,"Normal","Organised",50,"Medium",60,"Press",47,"Normal","Cover"
"174",110747,2186,"Cracovia","CKR","2015-09-10 00:00:00",37,"Balanced",50,"Normal",38,"Mixed","Organised",66,"Normal",66,"Normal",33,"Little","Organised",59,"Medium",34,"Press",64,"Normal","Cover"
"176",110747,2186,"Cracovia","CKR","2014-09-19 00:00:00",37,"Balanced",50,"Normal",38,"Mixed","Organised",66,"Normal",66,"Normal",33,"Little","Organised",59,"Medium",34,"Press",64,"Normal","Cover"
"181",110749,8021,"Zaglebie Lubin","ZAG","2014-09-19 00:00:00",33,"Slow",49,"Normal",51,"Mixed","Organised",38,"Normal",63,"Normal",48,"Normal","Organised",58,"Medium",38,"Press",52,"Normal","Cover"
"185",110770,10179,"FC Sion","SIO","2014-09-19 00:00:00",61,"Balanced",57,"Normal",37,"Mixed","Organised",62,"Normal",50,"Normal",53,"Normal","Organised",45,"Medium",47,"Press",54,"Normal","Cover"
"186",110770,10179,"FC Sion","SIO","2015-09-10 00:00:00",61,"Balanced",57,"Normal",37,"Mixed","Organised",62,"Normal",50,"Normal",53,"Normal","Organised",45,"Medium",47,"Press",54,"Normal","Cover"
"188",110832,7878,"Granada CF","GRA","2015-09-10 00:00:00",57,"Balanced",50,"Normal",59,"Mixed","Organised",61,"Normal",63,"Normal",51,"Normal","Organised",48,"Medium",45,"Press",62,"Normal","Cover"
"190",110832,7878,"Granada CF","GRA","2014-09-19 00:00:00",52,"Balanced",62,"Normal",37,"Mixed","Organised",67,"Risky",68,"Lots",52,"Normal","Organised",49,"Medium",45,"Press",64,"Normal","Cover"
"193",110913,8475,"Waasland-Beveren","WAA","2014-09-19 00:00:00",38,"Balanced",45,"Normal",39,"Mixed","Organised",29,"Safe",30,"Little",39,"Normal","Organised",25,"Deep",37,"Press",35,"Normal","Cover"
"195",110913,8475,"Waasland-Beveren","WAA","2015-09-10 00:00:00",38,"Balanced",45,"Normal",49,"Mixed","Organised",45,"Normal",42,"Normal",53,"Normal","Organised",27,"Deep",32,"Contain",35,"Normal","Cover"
"196",110915,9880,"Cesena","CES","2014-09-19 00:00:00",73,"Fast",29,"Little",41,"Mixed","Organised",53,"Normal",44,"Normal",73,"Lots","Organised",39,"Medium",49,"Press",57,"Normal","Cover"
"200",110915,9880,"Cesena","CES","2015-09-10 00:00:00",66,"Balanced",31,"Little",41,"Mixed","Organised",53,"Normal",44,"Normal",66,"Normal","Organised",39,"Medium",49,"Press",57,"Normal","Cover"
"205",111083,8245,"Korona Kielce","KKI","2014-09-19 00:00:00",73,"Fast",69,"Lots",50,"Mixed","Organised",64,"Normal",53,"Normal",36,"Normal","Organised",30,"Deep",43,"Press",62,"Normal","Cover"
"208",111083,8245,"Korona Kielce","KKI","2015-09-10 00:00:00",59,"Balanced",69,"Lots",50,"Mixed","Organised",64,"Normal",53,"Normal",36,"Normal","Organised",30,"Deep",43,"Press",62,"Normal","Cover"
"210",111086,8028,"Piast Gliwice","PIG","2014-09-19 00:00:00",64,"Balanced",52,"Normal",67,"Long","Organised",64,"Normal",66,"Normal",39,"Normal","Organised",36,"Medium",45,"Press",48,"Normal","Cover"
"213",111086,8028,"Piast Gliwice","PIG","2015-09-10 00:00:00",64,"Balanced",52,"Normal",67,"Long","Organised",64,"Normal",66,"Normal",39,"Normal","Organised",36,"Medium",45,"Press",48,"Normal","Cover"
"216",111087,8033,"Podbeskidzie Bielsko-Biala","POD","2014-09-19 00:00:00",72,"Fast",55,"Normal",66,"Mixed","Organised",66,"Normal",51,"Normal",49,"Normal","Organised",29,"Deep",35,"Press",38,"Normal","Cover"
"217",111087,8033,"Podbeskidzie Bielsko-Biala","POD","2015-09-10 00:00:00",68,"Fast",55,"Normal",66,"Mixed","Organised",66,"Normal",51,"Normal",49,"Normal","Organised",29,"Deep",35,"Press",38,"Normal","Cover"
"219",111091,8030,"Lechia Gdansk","LGD","2015-09-10 00:00:00",62,"Balanced",48,"Normal",52,"Mixed","Free Form",66,"Normal",59,"Normal",58,"Normal","Organised",51,"Medium",58,"Press",40,"Normal","Cover"
"221",111091,8030,"Lechia Gdansk","LGD","2014-09-19 00:00:00",62,"Balanced",48,"Normal",52,"Mixed","Organised",50,"Normal",63,"Normal",52,"Normal","Organised",37,"Medium",58,"Press",63,"Normal","Cover"
"228",111092,8025,"Slask Wroclaw","SLA","2015-09-10 00:00:00",50,"Balanced",55,"Normal",35,"Mixed","Organised",51,"Normal",51,"Normal",55,"Normal","Organised",45,"Medium",55,"Press",39,"Normal","Cover"
"229",111092,8025,"Slask Wroclaw","SLA","2014-09-19 00:00:00",47,"Balanced",53,"Normal",34,"Mixed","Organised",38,"Normal",36,"Normal",68,"Lots","Organised",37,"Medium",37,"Press",39,"Normal","Cover"
"230",111239,8234,"FC Ingolstadt 04","ING","2014-09-19 00:00:00",54,"Balanced",59,"Normal",47,"Mixed","Organised",53,"Normal",33,"Little",52,"Normal","Organised",42,"Medium",36,"Press",49,"Normal","Cover"
"232",111239,8234,"FC Ingolstadt 04","ING","2015-09-10 00:00:00",55,"Balanced",51,"Normal",46,"Mixed","Organised",47,"Normal",53,"Normal",51,"Normal","Organised",37,"Medium",48,"Press",49,"Normal","Cover"
"237",111271,4087,"Évian Thonon Gaillard FC","ETG","2014-09-19 00:00:00",61,"Balanced",51,"Normal",44,"Mixed","Organised",52,"Normal",61,"Normal",48,"Normal","Organised",47,"Medium",56,"Press",50,"Normal","Cover"
"238",111271,4087,"Évian Thonon Gaillard FC","ETG","2015-09-10 00:00:00",58,"Balanced",35,"Normal",56,"Mixed","Organised",52,"Normal",61,"Normal",51,"Normal","Organised",47,"Medium",43,"Press",50,"Normal","Cover"
"250",111540,2033,"S.C. Olhanense","OLH","2014-09-19 00:00:00",45,"Balanced",62,"Normal",40,"Mixed","Organised",53,"Normal",37,"Normal",44,"Normal","Organised",37,"Medium",24,"Contain",44,"Normal","Cover"
"252",111560,274581,"Royal Excel Mouscron","MOP","2015-09-10 00:00:00",50,"Balanced",50,"Normal",50,"Mixed","Organised",50,"Normal",50,"Normal",50,"Normal","Organised",45,"Medium",45,"Press",50,"Normal","Cover"
"253",111560,9996,"Royal Excel Mouscron","MOU","2015-09-10 00:00:00",50,"Balanced",50,"Normal",50,"Mixed","Organised",50,"Normal",50,"Normal",50,"Normal","Organised",45,"Medium",45,"Press",50,"Normal","Cover"
"254",111560,9996,"Royal Excel Mouscron","MOU","2015-09-10 00:00:00",50,"Balanced",50,"Normal",50,"Mixed","Organised",50,"Normal",50,"Normal",50,"Normal","Organised",45,"Medium",45,"Press",50,"Normal","Cover"
"256",111657,9891,"Frosinone","FRO","2015-09-10 00:00:00",63,"Balanced",48,"Normal",46,"Mixed","Organised",51,"Normal",50,"Normal",50,"Normal","Organised",55,"Medium",57,"Press",47,"Normal","Cover"
"262",111974,7943,"Sassuolo","SAS","2015-09-10 00:00:00",57,"Balanced",65,"Normal",60,"Mixed","Organised",56,"Normal",57,"Normal",56,"Normal","Organised",38,"Medium",47,"Press",53,"Normal","Cover"
"263",111974,7943,"Sassuolo","SAS","2014-09-19 00:00:00",57,"Balanced",71,"Lots",60,"Mixed","Organised",66,"Normal",57,"Normal",63,"Normal","Organised",54,"Medium",47,"Press",36,"Normal","Offside Trap"
"265",111989,108893,"AC Arles-Avignon","ARL","2014-09-19 00:00:00",39,"Balanced",48,"Normal",54,"Mixed","Organised",49,"Normal",40,"Normal",43,"Normal","Organised",44,"Medium",53,"Press",57,"Normal","Cover"
"268",111989,108893,"AC Arles-Avignon","ARL","2015-09-10 00:00:00",56,"Balanced",46,"Normal",54,"Mixed","Organised",55,"Normal",40,"Normal",43,"Normal","Organised",48,"Medium",53,"Press",57,"Normal","Cover"
"273",112225,6269,"Novara","NOV","2014-09-19 00:00:00",66,"Balanced",57,"Normal",56,"Mixed","Organised",56,"Normal",55,"Normal",57,"Normal","Organised",36,"Medium",49,"Press",53,"Normal","Cover"
"274",112409,208931,"Carpi","CAP","2014-09-19 00:00:00",32,"Slow",46,"Normal",31,"Short","Organised",47,"Normal",36,"Normal",54,"Normal","Organised",46,"Medium",44,"Press",51,"Normal","Cover"
"275",112409,208931,"Carpi","CAP","2015-09-10 00:00:00",80,"Fast",45,"Normal",65,"Mixed","Organised",70,"Risky",40,"Normal",50,"Normal","Organised",25,"Deep",55,"Press",35,"Normal","Cover"
"276",112512,8027,"Zawisza Bydgoszcz","ZAW","2014-09-19 00:00:00",54,"Balanced",51,"Normal",40,"Mixed","Organised",67,"Risky",49,"Normal",52,"Normal","Organised",44,"Medium",47,"Press",52,"Normal","Cover"
"277",112512,8027,"Zawisza Bydgoszcz","ZAW","2015-09-10 00:00:00",54,"Balanced",51,"Normal",40,"Mixed","Organised",46,"Normal",49,"Normal",52,"Normal","Organised",44,"Medium",47,"Press",52,"Normal","Cover"
"278",112513,158085,"FC Arouca","ARO","2015-09-10 00:00:00",65,"Balanced",66,"Normal",39,"Mixed","Organised",55,"Normal",59,"Normal",46,"Normal","Organised",37,"Medium",39,"Press",37,"Normal","Cover"
"279",112513,158085,"FC Arouca","ARO","2014-09-19 00:00:00",69,"Fast",66,"Normal",39,"Mixed","Organised",55,"Normal",59,"Normal",46,"Normal","Organised",35,"Medium",37,"Press",37,"Normal","Cover"
"281",12,8549,"Middlesbrough","MID","2015-09-10 00:00:00",60,"Balanced",32,"Little",46,"Mixed","Organised",43,"Normal",55,"Normal",37,"Normal","Organised",38,"Medium",42,"Press",42,"Normal","Cover"
"282",12,8549,"Middlesbrough","MID","2014-09-19 00:00:00",60,"Balanced",28,"Little",56,"Mixed","Organised",49,"Normal",56,"Normal",72,"Lots","Organised",38,"Medium",42,"Press",42,"Normal","Cover"
"286",13,10261,"Newcastle United","NEW","2014-09-19 00:00:00",54,"Balanced",33,"Little",47,"Mixed","Organised",47,"Normal",51,"Normal",39,"Normal","Organised",56,"Medium",54,"Press",51,"Normal","Cover"
"289",13,10261,"Newcastle United","NEW","2015-09-10 00:00:00",58,"Balanced",45,"Normal",49,"Mixed","Organised",47,"Normal",54,"Normal",46,"Normal","Organised",41,"Medium",39,"Press",51,"Normal","Cover"
"296",144,9879,"Fulham","FUL","2014-09-19 00:00:00",52,"Balanced",34,"Normal",56,"Mixed","Organised",58,"Normal",41,"Normal",54,"Normal","Organised",29,"Deep",28,"Contain",39,"Normal","Cover"
"297",144,9879,"Fulham","FUL","2015-09-10 00:00:00",52,"Balanced",34,"Normal",48,"Mixed","Organised",39,"Normal",54,"Normal",59,"Normal","Organised",29,"Deep",30,"Contain",39,"Normal","Cover"
"299",15,10172,"Queens Park Rangers","QPR","2014-09-19 00:00:00",52,"Balanced",36,"Normal",53,"Mixed","Organised",53,"Normal",54,"Normal",54,"Normal","Organised",50,"Medium",44,"Press",54,"Normal","Cover"
"300",15,10172,"Queens Park Rangers","QPR","2015-09-10 00:00:00",30,"Slow",39,"Normal",61,"Mixed","Organised",53,"Normal",53,"Normal",60,"Normal","Organised",50,"Medium",44,"Press",54,"Normal","Cover"
"307",15005,10000,"SV Zulte-Waregem","ZUL","2015-09-10 00:00:00",54,"Balanced",42,"Normal",51,"Mixed","Organised",47,"Normal",52,"Normal",32,"Little","Organised",44,"Medium",58,"Press",37,"Normal","Cover"
"309",15005,10000,"SV Zulte-Waregem","ZUL","2014-09-19 00:00:00",54,"Balanced",42,"Normal",51,"Mixed","Organised",47,"Normal",52,"Normal",32,"Little","Organised",44,"Medium",58,"Press",37,"Normal","Cover"
"311",1530,8121,"Angers SCO","ANG","2014-09-19 00:00:00",48,"Balanced",61,"Normal",50,"Mixed","Organised",40,"Normal",52,"Normal",48,"Normal","Organised",44,"Medium",44,"Press",51,"Normal","Cover"
"312",1530,8121,"Angers SCO","ANG","2015-09-10 00:00:00",48,"Balanced",61,"Normal",50,"Mixed","Organised",40,"Normal",52,"Normal",48,"Normal","Organised",44,"Medium",44,"Press",51,"Normal","Cover"
"322",159,9912,"DSC Arminia Bielefeld","BIE","2014-09-19 00:00:00",62,"Balanced",49,"Normal",55,"Mixed","Organised",56,"Normal",51,"Normal",52,"Normal","Organised",36,"Medium",54,"Press",48,"Normal","Cover"
"324",160,9911,"VfL Bochum","BOC","2015-09-10 00:00:00",69,"Fast",38,"Normal",57,"Mixed","Organised",66,"Normal",40,"Normal",66,"Normal","Organised",58,"Medium",47,"Press",67,"Wide","Cover"
"328",160,9911,"VfL Bochum","BOC","2014-09-19 00:00:00",38,"Balanced",54,"Normal",48,"Mixed","Organised",51,"Normal",54,"Normal",36,"Normal","Organised",34,"Medium",53,"Press",49,"Normal","Cover"
"332",162,8398,"FC Energie Cottbus","COT","2014-09-19 00:00:00",39,"Balanced",47,"Normal",40,"Mixed","Organised",52,"Normal",67,"Lots",56,"Normal","Organised",47,"Medium",55,"Press",52,"Normal","Cover"
"336",165,8357,"SpVgg Greuther Fürth","GRF","2015-09-10 00:00:00",54,"Balanced",60,"Normal",53,"Mixed","Organised",54,"Normal",49,"Normal",46,"Normal","Organised",48,"Medium",56,"Press",66,"Normal","Cover"
"340",165,8357,"SpVgg Greuther Fürth","GRF","2014-09-19 00:00:00",66,"Balanced",60,"Normal",38,"Mixed","Organised",56,"Normal",40,"Normal",52,"Normal","Organised",49,"Medium",48,"Press",62,"Normal","Cover"
"344",166,8177,"Hertha BSC Berlin","HBE","2015-09-10 00:00:00",47,"Balanced",44,"Normal",55,"Mixed","Organised",59,"Normal",68,"Lots",45,"Normal","Organised",50,"Medium",45,"Press",57,"Normal","Cover"
"346",166,8177,"Hertha BSC Berlin","HBE","2014-09-19 00:00:00",68,"Fast",52,"Normal",55,"Mixed","Organised",51,"Normal",59,"Normal",59,"Normal","Organised",41,"Medium",60,"Press",51,"Normal","Cover"
"347",169,9905,"1. FSV Mainz 05","MAI","2015-09-10 00:00:00",60,"Balanced",43,"Normal",53,"Mixed","Organised",49,"Normal",40,"Normal",44,"Normal","Organised",55,"Medium",62,"Press",47,"Normal","Cover"
"352",169,9905,"1. FSV Mainz 05","MAI","2014-09-19 00:00:00",67,"Fast",54,"Normal",57,"Mixed","Organised",55,"Normal",38,"Normal",44,"Normal","Organised",53,"Medium",60,"Press",52,"Normal","Cover"
"355",17,8466,"Southampton","SOU","2015-09-10 00:00:00",52,"Balanced",31,"Little",46,"Mixed","Organised",42,"Normal",54,"Normal",30,"Little","Organised",50,"Medium",65,"Press",44,"Normal","Cover"
"356",17,8466,"Southampton","SOU","2014-09-19 00:00:00",47,"Balanced",41,"Normal",40,"Mixed","Organised",42,"Normal",56,"Normal",51,"Normal","Free Form",62,"Medium",64,"Press",44,"Normal","Cover"
"360",171,8165,"1. FC Nürnberg","NUR","2015-09-10 00:00:00",46,"Balanced",58,"Normal",49,"Mixed","Organised",51,"Normal",52,"Normal",59,"Normal","Organised",30,"Deep",40,"Press",44,"Normal","Cover"
"363",171,8165,"1. FC Nürnberg","NUR","2014-09-19 00:00:00",46,"Balanced",62,"Normal",38,"Mixed","Organised",58,"Normal",48,"Normal",55,"Normal","Organised",51,"Medium",50,"Press",47,"Normal","Cover"
"367",1715,10191,"FC Thun","THU","2015-09-10 00:00:00",58,"Balanced",59,"Normal",35,"Mixed","Organised",64,"Normal",36,"Normal",66,"Normal","Organised",47,"Medium",45,"Press",53,"Normal","Cover"
"370",1715,10191,"FC Thun","THU","2014-09-19 00:00:00",58,"Balanced",59,"Normal",35,"Mixed","Organised",64,"Normal",36,"Normal",66,"Normal","Organised",47,"Medium",45,"Press",53,"Normal","Cover"
"372",1738,9746,"Le Havre AC","LEH","2015-09-10 00:00:00",46,"Balanced",56,"Normal",52,"Mixed","Organised",49,"Normal",54,"Normal",52,"Normal","Organised",47,"Medium",55,"Press",52,"Normal","Cover"
"373",1738,9746,"Le Havre AC","LEH","2014-09-19 00:00:00",46,"Balanced",56,"Normal",52,"Mixed","Organised",49,"Normal",54,"Normal",52,"Normal","Organised",47,"Medium",55,"Press",52,"Normal","Cover"
"388",1746,8534,"Empoli","EMP","2014-09-19 00:00:00",63,"Balanced",43,"Normal",39,"Mixed","Organised",66,"Normal",67,"Lots",51,"Normal","Organised",53,"Medium",57,"Press",54,"Normal","Cover"
"390",1746,8534,"Empoli","EMP","2015-09-10 00:00:00",66,"Balanced",43,"Normal",36,"Mixed","Organised",59,"Normal",64,"Normal",63,"Normal","Organised",46,"Medium",66,"Press",48,"Normal","Cover"
"392",1747,9998,"RAEC Mons","MON","2014-09-19 00:00:00",55,"Balanced",50,"Normal",55,"Mixed","Organised",55,"Normal",67,"Lots",46,"Normal","Organised",46,"Medium",45,"Press",47,"Normal","Cover"
"395",175,8721,"VfL Wolfsburg","WOL","2014-09-19 00:00:00",58,"Balanced",67,"Lots",45,"Mixed","Organised",68,"Risky",60,"Normal",54,"Normal","Organised",59,"Medium",48,"Press",47,"Normal","Cover"
"397",175,8721,"VfL Wolfsburg","WOL","2015-09-10 00:00:00",68,"Fast",45,"Normal",57,"Mixed","Organised",69,"Risky",66,"Normal",50,"Normal","Organised",66,"Medium",46,"Press",55,"Normal","Cover"
"402",1750,9984,"KSV Cercle Brugge","CEB","2015-09-10 00:00:00",53,"Balanced",49,"Normal",43,"Mixed","Organised",52,"Normal",58,"Normal",42,"Normal","Organised",59,"Medium",47,"Press",62,"Normal","Cover"
"405",1750,9984,"KSV Cercle Brugge","CEB","2014-09-19 00:00:00",53,"Balanced",49,"Normal",43,"Mixed","Organised",52,"Normal",58,"Normal",42,"Normal","Organised",59,"Medium",47,"Press",62,"Normal","Cover"
"407",1754,8426,"Partick Thistle F.C.","PAR","2015-09-10 00:00:00",48,"Balanced",48,"Normal",47,"Mixed","Organised",47,"Normal",53,"Normal",60,"Normal","Organised",46,"Medium",46,"Press",49,"Normal","Cover"
"408",1754,8426,"Partick Thistle F.C.","PAR","2014-09-19 00:00:00",48,"Balanced",50,"Normal",37,"Mixed","Organised",49,"Normal",50,"Normal",52,"Normal","Organised",47,"Medium",44,"Press",52,"Normal","Cover"
"411",1790,8462,"Portsmouth","POR","2014-09-19 00:00:00",59,"Balanced",32,"Little",57,"Mixed","Organised",49,"Normal",47,"Normal",53,"Normal","Organised",39,"Medium",40,"Press",44,"Normal","Cover"
"412",1790,8462,"Portsmouth","POR","2015-09-10 00:00:00",59,"Balanced",32,"Little",57,"Mixed","Organised",49,"Normal",47,"Normal",53,"Normal","Organised",39,"Medium",40,"Press",44,"Normal","Cover"
"416",1792,9850,"Norwich City","NOR","2015-09-10 00:00:00",45,"Balanced",38,"Normal",55,"Mixed","Organised",46,"Normal",54,"Normal",47,"Normal","Organised",38,"Medium",39,"Press",51,"Normal","Cover"
"417",1792,9850,"Norwich City","NOR","2014-09-19 00:00:00",45,"Balanced",28,"Little",64,"Mixed","Organised",55,"Normal",67,"Lots",42,"Normal","Organised",40,"Medium",43,"Press",51,"Normal","Cover"
"421",1793,9798,"Reading","REA","2015-09-10 00:00:00",44,"Balanced",36,"Normal",64,"Mixed","Organised",62,"Normal",65,"Normal",42,"Normal","Organised",51,"Medium",47,"Press",52,"Normal","Cover"
"423",1793,9798,"Reading","REA","2014-09-19 00:00:00",44,"Balanced",26,"Little",72,"Long","Organised",71,"Risky",39,"Normal",37,"Normal","Organised",58,"Medium",52,"Press",52,"Normal","Cover"
"427",1795,9817,"Watford","WAT","2015-09-10 00:00:00",61,"Balanced",32,"Little",52,"Mixed","Organised",54,"Normal",42,"Normal",45,"Normal","Free Form",38,"Medium",52,"Press",45,"Normal","Cover"
"428",1795,9817,"Watford","WAT","2014-09-19 00:00:00",61,"Balanced",43,"Normal",56,"Mixed","Organised",54,"Normal",44,"Normal",55,"Normal","Free Form",38,"Medium",52,"Press",45,"Normal","Cover"
"436",1796,8191,"Burnley","BUR","2014-09-19 00:00:00",48,"Balanced",32,"Little",74,"Long","Organised",72,"Risky",59,"Normal",58,"Normal","Organised",54,"Medium",57,"Press",58,"Normal","Cover"
"437",1796,8191,"Burnley","BUR","2015-09-10 00:00:00",54,"Balanced",32,"Little",67,"Long","Organised",72,"Risky",57,"Normal",47,"Normal","Organised",63,"Medium",62,"Press",58,"Normal","Cover"
"439",1799,9826,"Crystal Palace","CRY","2015-09-10 00:00:00",61,"Balanced",45,"Normal",67,"Long","Organised",67,"Risky",69,"Lots",50,"Normal","Organised",36,"Medium",34,"Press",41,"Normal","Cover"
"443",1799,9826,"Crystal Palace","CRY","2014-09-19 00:00:00",61,"Balanced",36,"Normal",68,"Long","Organised",67,"Risky",62,"Normal",52,"Normal","Organised",36,"Medium",34,"Press",48,"Normal","Cover"
"447",18,8586,"Tottenham Hotspur","TOT","2014-09-19 00:00:00",41,"Balanced",35,"Normal",38,"Mixed","Organised",41,"Normal",59,"Normal",62,"Normal","Organised",58,"Medium",51,"Press",56,"Normal","Cover"
"449",18,8586,"Tottenham Hotspur","TOT","2015-09-10 00:00:00",47,"Balanced",46,"Normal",40,"Mixed","Organised",41,"Normal",41,"Normal",63,"Normal","Organised",63,"Medium",54,"Press",56,"Normal","Cover"
"451",180,8284,"Dundee FC","DUF","2015-09-10 00:00:00",47,"Balanced",47,"Normal",48,"Mixed","Organised",32,"Safe",61,"Normal",65,"Normal","Organised",50,"Medium",44,"Press",52,"Normal","Cover"
"457",1806,10194,"Stoke City","STK","2015-09-10 00:00:00",48,"Balanced",41,"Normal",49,"Mixed","Organised",51,"Normal",59,"Normal",49,"Normal","Organised",44,"Medium",37,"Press",51,"Normal","Cover"
"459",1806,10194,"Stoke City","STK","2014-09-19 00:00:00",48,"Balanced",24,"Little",55,"Mixed","Organised",51,"Normal",57,"Normal",37,"Normal","Organised",38,"Medium",40,"Press",41,"Normal","Cover"
"462",1809,9941,"Toulouse FC","TOU","2015-09-10 00:00:00",49,"Balanced",56,"Normal",53,"Mixed","Organised",52,"Normal",34,"Normal",36,"Normal","Organised",36,"Medium",45,"Press",49,"Normal","Cover"
"463",1809,9941,"Toulouse FC","TOU","2014-09-19 00:00:00",49,"Balanced",56,"Normal",53,"Mixed","Organised",52,"Normal",34,"Normal",57,"Normal","Organised",36,"Medium",52,"Press",49,"Normal","Cover"
"469",181,9938,"Dundee United","DUU","2014-09-19 00:00:00",60,"Balanced",51,"Normal",60,"Mixed","Organised",52,"Normal",55,"Normal",38,"Normal","Organised",41,"Medium",40,"Press",52,"Normal","Cover"
"471",181,9938,"Dundee United","DUU","2015-09-10 00:00:00",60,"Balanced",58,"Normal",53,"Mixed","Organised",55,"Normal",49,"Normal",45,"Normal","Organised",48,"Medium",42,"Press",53,"Normal","Cover"
"476",1819,9853,"AS Saint-Étienne","ETI","2015-09-10 00:00:00",58,"Balanced",55,"Normal",52,"Mixed","Organised",48,"Normal",64,"Normal",52,"Normal","Organised",48,"Medium",51,"Press",49,"Normal","Cover"
"478",1819,9853,"AS Saint-Étienne","ETI","2014-09-19 00:00:00",58,"Balanced",55,"Normal",52,"Mixed","Organised",48,"Normal",52,"Normal",52,"Normal","Organised",35,"Medium",44,"Press",50,"Normal","Cover"
"482",1823,8481,"AS Nancy-Lorraine","NAN","2014-09-19 00:00:00",49,"Balanced",48,"Normal",49,"Mixed","Organised",52,"Normal",53,"Normal",67,"Lots","Organised",43,"Medium",46,"Press",50,"Normal","Cover"
"484",1823,8481,"AS Nancy-Lorraine","NAN","2015-09-10 00:00:00",49,"Balanced",48,"Normal",49,"Mixed","Organised",52,"Normal",53,"Normal",67,"Lots","Organised",43,"Medium",46,"Press",50,"Normal","Cover"
"486",1824,9810,"Eintracht Frankfurt","EFR","2014-09-19 00:00:00",63,"Balanced",48,"Normal",42,"Mixed","Organised",57,"Normal",50,"Normal",52,"Normal","Organised",43,"Medium",46,"Press",55,"Normal","Cover"
"487",1824,9810,"Eintracht Frankfurt","EFR","2015-09-10 00:00:00",51,"Balanced",41,"Normal",38,"Mixed","Organised",47,"Normal",58,"Normal",40,"Normal","Organised",48,"Medium",42,"Press",55,"Normal","Cover"
"492",1832,8295,"Karlsruher SC","KAR","2015-09-10 00:00:00",54,"Balanced",52,"Normal",47,"Mixed","Organised",53,"Normal",44,"Normal",49,"Normal","Organised",34,"Medium",46,"Press",39,"Normal","Cover"
"493",1832,8295,"Karlsruher SC","KAR","2014-09-19 00:00:00",56,"Balanced",55,"Normal",53,"Mixed","Organised",53,"Normal",46,"Normal",49,"Normal","Organised",32,"Deep",46,"Press",37,"Normal","Cover"
"497",1837,9882,"Sampdoria","SAM","2014-09-19 00:00:00",36,"Balanced",56,"Normal",38,"Mixed","Organised",49,"Normal",52,"Normal",62,"Normal","Organised",54,"Medium",57,"Press",64,"Normal","Offside Trap"
"502",1837,9882,"Sampdoria","SAM","2015-09-10 00:00:00",36,"Balanced",56,"Normal",38,"Mixed","Organised",49,"Normal",52,"Normal",29,"Little","Organised",50,"Medium",51,"Press",53,"Normal","Cover"
"503",1838,8551,"Siena","SIE","2014-09-19 00:00:00",47,"Balanced",49,"Normal",48,"Mixed","Organised",64,"Normal",67,"Lots",52,"Normal","Organised",44,"Medium",49,"Press",51,"Normal","Cover"
"508",184,8429,"Hamilton Academical FC","HAM","2015-09-10 00:00:00",48,"Balanced",48,"Normal",47,"Mixed","Free Form",73,"Risky",53,"Normal",71,"Lots","Organised",55,"Medium",48,"Press",52,"Normal","Cover"
"513",1842,8529,"Cagliari","CAG","2014-09-19 00:00:00",63,"Balanced",51,"Normal",53,"Mixed","Organised",33,"Safe",51,"Normal",68,"Lots","Organised",37,"Medium",56,"Press",51,"Normal","Cover"
"516",1842,8529,"Cagliari","CAG","2015-09-10 00:00:00",67,"Fast",32,"Little",35,"Mixed","Organised",69,"Risky",58,"Normal",69,"Lots","Free Form",65,"Medium",65,"Press",57,"Normal","Offside Trap"
"518",1843,8540,"Palermo","PAL","2014-09-19 00:00:00",66,"Balanced",55,"Normal",37,"Mixed","Organised",56,"Normal",34,"Normal",63,"Normal","Organised",43,"Medium",42,"Press",48,"Normal","Cover"
"519",1843,8540,"Palermo","PAL","2015-09-10 00:00:00",66,"Balanced",66,"Normal",36,"Mixed","Organised",60,"Normal",34,"Normal",64,"Normal","Organised",44,"Medium",58,"Press",50,"Normal","Cover"
"523",1844,8537,"Livorno","LIV","2014-09-19 00:00:00",58,"Balanced",58,"Normal",67,"Long","Organised",38,"Normal",23,"Little",77,"Lots","Organised",29,"Deep",57,"Press",32,"Narrow","Cover"
"526",1844,8537,"Livorno","LIV","2015-09-10 00:00:00",58,"Balanced",58,"Normal",67,"Long","Organised",38,"Normal",27,"Little",69,"Lots","Organised",31,"Deep",57,"Press",38,"Normal","Cover"
"529",1848,9976,"Bari","BAR","2015-09-10 00:00:00",52,"Balanced",40,"Normal",65,"Mixed","Organised",40,"Normal",55,"Normal",48,"Normal","Organised",50,"Medium",51,"Press",55,"Normal","Cover"
"530",1848,9976,"Bari","BAR","2014-09-19 00:00:00",55,"Balanced",40,"Normal",57,"Mixed","Organised",54,"Normal",44,"Normal",56,"Normal","Organised",49,"Medium",51,"Press",53,"Normal","Cover"
"535",1853,8581,"Levante UD","LEV","2014-09-19 00:00:00",57,"Balanced",51,"Normal",63,"Mixed","Organised",55,"Normal",61,"Normal",52,"Normal","Organised",47,"Medium",52,"Press",56,"Normal","Cover"
"538",1853,8581,"Levante UD","LEV","2015-09-10 00:00:00",62,"Balanced",36,"Normal",65,"Mixed","Organised",71,"Risky",42,"Normal",65,"Normal","Organised",36,"Medium",33,"Contain",42,"Normal","Cover"
"542",1860,8305,"Getafe CF","GET","2015-09-10 00:00:00",34,"Balanced",41,"Normal",38,"Mixed","Organised",55,"Normal",39,"Normal",49,"Normal","Organised",43,"Medium",42,"Press",49,"Normal","Cover"
"545",1860,8305,"Getafe CF","GET","2014-09-19 00:00:00",35,"Balanced",42,"Normal",40,"Mixed","Organised",58,"Normal",42,"Normal",52,"Normal","Organised",49,"Medium",45,"Press",47,"Normal","Cover"
"547",1861,9865,"UD Almería","ALM","2015-09-10 00:00:00",46,"Balanced",41,"Normal",65,"Mixed","Organised",57,"Normal",54,"Normal",40,"Normal","Organised",37,"Medium",53,"Press",45,"Normal","Cover"
"548",1861,9865,"UD Almería","ALM","2014-09-19 00:00:00",46,"Balanced",41,"Normal",65,"Mixed","Organised",57,"Normal",54,"Normal",40,"Normal","Organised",37,"Medium",53,"Press",45,"Normal","Cover"
"554",1862,7730,"FC Lausanne-Sports","LAU","2014-09-19 00:00:00",37,"Balanced",55,"Normal",49,"Mixed","Organised",52,"Normal",60,"Normal",52,"Normal","Organised",46,"Medium",44,"Press",55,"Normal","Cover"
"559",1867,7869,"Córdoba CF","COR","2014-09-19 00:00:00",40,"Balanced",53,"Normal",53,"Mixed","Organised",40,"Normal",66,"Normal",48,"Normal","Organised",36,"Medium",41,"Press",52,"Normal","Cover"
"561",1867,7869,"Córdoba CF","COR","2015-09-10 00:00:00",53,"Balanced",40,"Normal",48,"Mixed","Organised",55,"Normal",59,"Normal",57,"Normal","Organised",38,"Medium",39,"Press",52,"Normal","Cover"
"566",1871,8673,"Legia Warszawa","LEG","2014-09-19 00:00:00",54,"Balanced",51,"Normal",36,"Mixed","Free Form",52,"Normal",51,"Normal",64,"Normal","Organised",47,"Medium",46,"Press",66,"Normal","Cover"
"567",1871,8673,"Legia Warszawa","LEG","2015-09-10 00:00:00",54,"Balanced",47,"Normal",36,"Mixed","Organised",52,"Normal",51,"Normal",64,"Normal","Free Form",50,"Medium",60,"Press",58,"Normal","Cover"
"569",1873,10265,"Wisla Kraków","WIS","2015-09-10 00:00:00",33,"Slow",49,"Normal",37,"Mixed","Free Form",33,"Safe",37,"Normal",31,"Little","Free Form",62,"Medium",58,"Press",37,"Normal","Cover"
"571",1873,10265,"Wisla Kraków","WIS","2014-09-19 00:00:00",47,"Balanced",52,"Normal",36,"Mixed","Organised",36,"Normal",53,"Normal",66,"Normal","Organised",60,"Medium",66,"Press",53,"Normal","Cover"
"575",1887,7844,"Vitória Guimarães","GUI","2014-09-19 00:00:00",40,"Balanced",52,"Normal",39,"Mixed","Organised",53,"Normal",62,"Normal",58,"Normal","Organised",37,"Medium",40,"Press",64,"Normal","Cover"
"576",1887,7844,"Vitória Guimarães","GUI","2015-09-10 00:00:00",40,"Balanced",52,"Normal",39,"Mixed","Organised",53,"Normal",62,"Normal",58,"Normal","Organised",37,"Medium",40,"Press",64,"Normal","Cover"
"581",1888,9764,"Gil Vicente FC","GV","2014-09-19 00:00:00",65,"Balanced",67,"Lots",41,"Mixed","Organised",54,"Normal",47,"Normal",46,"Normal","Free Form",39,"Medium",40,"Press",53,"Normal","Cover"
"582",1888,9764,"Gil Vicente FC","GV","2015-09-10 00:00:00",68,"Fast",67,"Lots",41,"Mixed","Organised",54,"Normal",47,"Normal",46,"Normal","Free Form",39,"Medium",40,"Press",53,"Normal","Cover"
"585",1889,9807,"CF Os Belenenses","BEL","2014-09-19 00:00:00",52,"Balanced",53,"Normal",52,"Mixed","Organised",40,"Normal",37,"Normal",48,"Normal","Organised",38,"Medium",48,"Press",49,"Normal","Cover"
"586",1889,9807,"CF Os Belenenses","BEL","2015-09-10 00:00:00",51,"Balanced",53,"Normal",52,"Mixed","Organised",43,"Normal",37,"Normal",48,"Normal","Organised",38,"Medium",48,"Press",49,"Normal","Cover"
"588",189,9857,"Bologna","BOL","2014-09-19 00:00:00",63,"Balanced",53,"Normal",48,"Mixed","Organised",32,"Safe",48,"Normal",52,"Normal","Organised",28,"Deep",54,"Press",48,"Normal","Cover"
"589",189,9857,"Bologna","BOL","2015-09-10 00:00:00",63,"Balanced",53,"Normal",48,"Mixed","Organised",32,"Safe",48,"Normal",52,"Normal","Organised",30,"Deep",54,"Press",48,"Normal","Cover"
"595",1891,10214,"CD Nacional","NAC","2015-09-10 00:00:00",65,"Balanced",59,"Normal",43,"Mixed","Organised",53,"Normal",44,"Normal",53,"Normal","Organised",42,"Medium",42,"Press",57,"Normal","Cover"
"597",1891,10214,"CD Nacional","NAC","2014-09-19 00:00:00",41,"Balanced",59,"Normal",43,"Mixed","Organised",53,"Normal",44,"Normal",53,"Normal","Organised",42,"Medium",42,"Press",57,"Normal","Cover"
"602",1892,6403,"FC Paços de Ferreira","FER","2015-09-10 00:00:00",63,"Balanced",40,"Normal",39,"Mixed","Organised",64,"Normal",53,"Normal",52,"Normal","Organised",36,"Medium",39,"Press",64,"Normal","Cover"
"603",1892,6403,"FC Paços de Ferreira","FER","2014-09-19 00:00:00",38,"Balanced",40,"Normal",39,"Mixed","Organised",52,"Normal",53,"Normal",52,"Normal","Organised",36,"Medium",39,"Press",64,"Normal","Cover"
"606",1893,10212,"CS Marítimo","MAR","2014-09-19 00:00:00",67,"Fast",49,"Normal",66,"Mixed","Free Form",67,"Risky",64,"Normal",55,"Normal","Organised",37,"Medium",45,"Press",44,"Normal","Cover"
"608",1893,10212,"CS Marítimo","MAR","2015-09-10 00:00:00",61,"Balanced",49,"Normal",66,"Mixed","Organised",67,"Risky",64,"Normal",55,"Normal","Organised",38,"Medium",49,"Press",46,"Normal","Cover"
"615",1896,10264,"SC Braga","BRA","2015-09-10 00:00:00",55,"Balanced",35,"Normal",55,"Mixed","Organised",62,"Normal",65,"Normal",39,"Normal","Organised",25,"Deep",56,"Press",39,"Normal","Cover"
"620",1896,10264,"SC Braga","BRA","2014-09-19 00:00:00",53,"Balanced",35,"Normal",55,"Mixed","Organised",53,"Normal",65,"Normal",39,"Normal","Organised",25,"Deep",56,"Press",39,"Normal","Cover"
"624",1898,8613,"Boavista FC","BOA","2015-09-10 00:00:00",47,"Balanced",56,"Normal",50,"Mixed","Organised",37,"Normal",38,"Normal",53,"Normal","Organised",32,"Deep",62,"Press",54,"Normal","Cover"
"625",19,8654,"West Ham United","WHU","2015-09-10 00:00:00",77,"Fast",37,"Normal",57,"Mixed","Organised",68,"Risky",73,"Lots",29,"Little","Organised",30,"Deep",37,"Press",41,"Normal","Cover"
"626",19,8654,"West Ham United","WHU","2014-09-19 00:00:00",72,"Fast",39,"Normal",73,"Long","Organised",68,"Risky",71,"Lots",32,"Little","Organised",30,"Deep",34,"Press",41,"Normal","Cover"
"632",190,9858,"Brescia","BRE","2014-09-19 00:00:00",42,"Balanced",56,"Normal",27,"Short","Organised",54,"Normal",25,"Little",75,"Lots","Organised",41,"Medium",52,"Press",57,"Normal","Cover"
"634",190,9858,"Brescia","BRE","2015-09-10 00:00:00",42,"Balanced",56,"Normal",43,"Mixed","Organised",41,"Normal",48,"Normal",69,"Lots","Organised",41,"Medium",52,"Press",57,"Normal","Cover"
"637",1900,8348,"Moreirense FC","MOR","2015-09-10 00:00:00",38,"Balanced",58,"Normal",43,"Mixed","Organised",51,"Normal",54,"Normal",39,"Normal","Organised",44,"Medium",46,"Press",48,"Normal","Cover"
"639",1901,10215,"Académica de Coimbra","ACA","2015-09-10 00:00:00",53,"Balanced",53,"Normal",44,"Mixed","Organised",55,"Normal",51,"Normal",60,"Normal","Organised",39,"Medium",38,"Press",61,"Normal","Cover"
"643",1901,10215,"Académica de Coimbra","ACA","2014-09-19 00:00:00",52,"Balanced",53,"Normal",44,"Mixed","Organised",55,"Normal",51,"Normal",60,"Normal","Organised",39,"Medium",38,"Press",61,"Normal","Cover"
"645",1902,9803,"Roda JC Kerkrade","ROD","2014-09-19 00:00:00",43,"Balanced",46,"Normal",44,"Mixed","Organised",59,"Normal",45,"Normal",42,"Normal","Organised",39,"Medium",37,"Press",42,"Normal","Cover"
"650",1903,9908,"FC Utrecht","UTR","2014-09-19 00:00:00",50,"Balanced",50,"Normal",52,"Mixed","Organised",55,"Normal",49,"Normal",52,"Normal","Organised",45,"Medium",49,"Press",47,"Normal","Cover"
"651",1903,9908,"FC Utrecht","UTR","2015-09-10 00:00:00",50,"Balanced",39,"Normal",54,"Mixed","Organised",55,"Normal",64,"Normal",28,"Little","Organised",54,"Medium",58,"Press",47,"Normal","Cover"
"660",1904,9761,"NAC Breda","NAC","2014-09-19 00:00:00",46,"Balanced",44,"Normal",54,"Mixed","Organised",32,"Safe",42,"Normal",42,"Normal","Organised",43,"Medium",39,"Press",50,"Normal","Cover"
"661",1904,9761,"NAC Breda","NAC","2015-09-10 00:00:00",45,"Balanced",49,"Normal",59,"Mixed","Organised",32,"Safe",42,"Normal",54,"Normal","Organised",36,"Medium",39,"Press",40,"Normal","Cover"
"662",1905,10219,"RKC Waalwijk","RKC","2014-09-19 00:00:00",57,"Balanced",30,"Little",55,"Mixed","Organised",42,"Normal",36,"Normal",55,"Normal","Organised",31,"Deep",30,"Contain",38,"Normal","Cover"
"666",1906,10229,"AZ","ALK","2014-09-19 00:00:00",52,"Balanced",38,"Normal",46,"Mixed","Organised",60,"Normal",56,"Normal",52,"Normal","Free Form",50,"Medium",61,"Press",55,"Normal","Cover"
"667",1906,10229,"AZ","ALK","2015-09-10 00:00:00",50,"Balanced",46,"Normal",58,"Mixed","Organised",67,"Risky",56,"Normal",50,"Normal","Organised",50,"Medium",61,"Press",55,"Normal","Cover"
"674",1907,8525,"Willem II","WII","2015-09-10 00:00:00",51,"Balanced",36,"Normal",63,"Mixed","Organised",48,"Normal",53,"Normal",52,"Normal","Organised",43,"Medium",45,"Press",47,"Normal","Cover"
"677",1908,8611,"FC Twente","TWE","2014-09-19 00:00:00",38,"Balanced",39,"Normal",34,"Mixed","Organised",63,"Normal",65,"Normal",37,"Normal","Organised",44,"Medium",41,"Press",55,"Normal","Cover"
"679",1908,8611,"FC Twente","TWE","2015-09-10 00:00:00",48,"Balanced",40,"Normal",43,"Mixed","Organised",43,"Normal",58,"Normal",39,"Normal","Organised",44,"Medium",41,"Press",55,"Normal","Cover"
"684",1909,8277,"Vitesse","VIT","2015-09-10 00:00:00",57,"Balanced",40,"Normal",48,"Mixed","Free Form",53,"Normal",37,"Normal",71,"Lots","Free Form",60,"Medium",58,"Press",62,"Normal","Cover"
"687",1909,8277,"Vitesse","VIT","2014-09-19 00:00:00",53,"Balanced",55,"Normal",32,"Short","Organised",53,"Normal",54,"Normal",56,"Normal","Organised",42,"Medium",54,"Press",62,"Normal","Cover"
"692",1910,8464,"N.E.C.","NEC","2014-09-19 00:00:00",49,"Balanced",42,"Normal",59,"Mixed","Organised",52,"Normal",49,"Normal",55,"Normal","Organised",40,"Medium",48,"Press",53,"Normal","Cover"
"693",1913,10228,"SC Heerenveen","HEE","2015-09-10 00:00:00",54,"Balanced",40,"Normal",56,"Mixed","Organised",65,"Normal",43,"Normal",44,"Normal","Organised",46,"Medium",44,"Press",48,"Normal","Cover"
"694",1913,10228,"SC Heerenveen","HEE","2014-09-19 00:00:00",53,"Balanced",48,"Normal",46,"Mixed","Organised",65,"Normal",43,"Normal",46,"Normal","Organised",46,"Medium",44,"Press",48,"Normal","Cover"
"699",1914,6413,"PEC Zwolle","ZWO","2014-09-19 00:00:00",57,"Balanced",41,"Normal",39,"Mixed","Organised",57,"Normal",50,"Normal",54,"Normal","Organised",58,"Medium",60,"Press",63,"Normal","Cover"
"701",1914,6413,"PEC Zwolle","ZWO","2015-09-10 00:00:00",45,"Balanced",35,"Normal",56,"Mixed","Organised",57,"Normal",50,"Normal",58,"Normal","Organised",58,"Medium",60,"Press",63,"Normal","Cover"
"703",1915,8674,"FC Groningen","GRO","2015-09-10 00:00:00",55,"Balanced",32,"Little",55,"Mixed","Organised",57,"Normal",59,"Normal",54,"Normal","Organised",49,"Medium",47,"Press",53,"Normal","Cover"
"704",1915,8674,"FC Groningen","GRO","2014-09-19 00:00:00",48,"Balanced",42,"Normal",38,"Mixed","Organised",57,"Normal",59,"Normal",45,"Normal","Organised",49,"Medium",47,"Press",53,"Normal","Cover"
"709",1917,8528,"Wigan Athletic","WIG","2014-09-19 00:00:00",51,"Balanced",36,"Normal",51,"Mixed","Organised",52,"Normal",55,"Normal",57,"Normal","Organised",62,"Medium",57,"Press",44,"Normal","Cover"
"713",1917,8528,"Wigan Athletic","WIG","2015-09-10 00:00:00",51,"Balanced",37,"Normal",56,"Mixed","Organised",52,"Normal",59,"Normal",40,"Normal","Organised",62,"Medium",48,"Press",44,"Normal","Cover"
"715",192,8533,"Chievo Verona","CHI","2014-09-19 00:00:00",66,"Balanced",54,"Normal",67,"Long","Organised",52,"Normal",66,"Normal",52,"Normal","Organised",46,"Medium",59,"Press",51,"Normal","Cover"
"716",192,8533,"Chievo Verona","CHI","2015-09-10 00:00:00",66,"Balanced",54,"Normal",67,"Long","Organised",52,"Normal",66,"Normal",52,"Normal","Organised",46,"Medium",59,"Press",51,"Normal","Cover"
"721",1926,8483,"Blackpool","BLA","2014-09-19 00:00:00",67,"Fast",44,"Normal",72,"Long","Organised",70,"Risky",48,"Normal",58,"Normal","Organised",39,"Medium",38,"Press",54,"Normal","Cover"
"725",1926,8483,"Blackpool","BLA","2015-09-10 00:00:00",62,"Balanced",36,"Normal",64,"Mixed","Organised",59,"Normal",43,"Normal",64,"Normal","Organised",39,"Medium",38,"Press",54,"Normal","Cover"
"728",1943,8678,"Bournemouth","BOU","2015-09-10 00:00:00",47,"Balanced",36,"Normal",47,"Mixed","Organised",49,"Normal",45,"Normal",47,"Normal","Organised",48,"Medium",50,"Press",62,"Normal","Cover"
"730",1943,8678,"Bournemouth","BOU","2014-09-19 00:00:00",47,"Balanced",44,"Normal",48,"Mixed","Organised",46,"Normal",48,"Normal",41,"Normal","Organised",48,"Medium",50,"Press",62,"Normal","Cover"
"732",1952,8667,"Hull City","HUL","2015-09-10 00:00:00",56,"Balanced",40,"Normal",55,"Mixed","Organised",54,"Normal",49,"Normal",56,"Normal","Organised",38,"Medium",37,"Press",46,"Normal","Cover"
"734",1952,8667,"Hull City","HUL","2014-09-19 00:00:00",56,"Balanced",35,"Normal",51,"Mixed","Organised",54,"Normal",60,"Normal",48,"Normal","Organised",38,"Medium",37,"Press",46,"Normal","Cover"
"741",1960,10003,"Swansea City","SWA","2015-09-10 00:00:00",45,"Balanced",44,"Normal",42,"Mixed","Organised",34,"Normal",36,"Normal",55,"Normal","Free Form",31,"Deep",47,"Press",42,"Normal","Cover"
"742",1960,10003,"Swansea City","SWA","2014-09-19 00:00:00",63,"Balanced",34,"Normal",34,"Mixed","Organised",34,"Normal",51,"Normal",36,"Normal","Free Form",51,"Medium",58,"Press",54,"Normal","Cover"
"744",1961,8344,"Cardiff City","CAR","2015-09-10 00:00:00",60,"Balanced",41,"Normal",67,"Long","Organised",52,"Normal",56,"Normal",46,"Normal","Organised",33,"Deep",41,"Press",39,"Normal","Cover"
"748",1961,8344,"Cardiff City","CAR","2014-09-19 00:00:00",60,"Balanced",29,"Little",54,"Mixed","Organised",52,"Normal",46,"Normal",41,"Normal","Organised",33,"Deep",41,"Press",39,"Normal","Cover"
"750",1971,10218,"Excelsior","EXC","2015-09-10 00:00:00",53,"Balanced",41,"Normal",69,"Long","Organised",48,"Normal",45,"Normal",43,"Normal","Organised",29,"Deep",41,"Press",36,"Normal","Cover"
"753",2,10252,"Aston Villa","AVL","2014-09-19 00:00:00",66,"Balanced",32,"Little",72,"Long","Organised",63,"Normal",48,"Normal",56,"Normal","Organised",39,"Medium",42,"Press",52,"Normal","Cover"
"754",2,10252,"Aston Villa","AVL","2015-09-10 00:00:00",63,"Balanced",37,"Normal",54,"Mixed","Organised",60,"Normal",48,"Normal",38,"Normal","Organised",35,"Medium",44,"Press",54,"Normal","Cover"
"760",200,9878,"Pescara","PES","2014-09-19 00:00:00",64,"Balanced",52,"Normal",36,"Mixed","Organised",51,"Normal",64,"Normal",54,"Normal","Organised",26,"Deep",46,"Press",48,"Normal","Cover"
"761",200,9878,"Pescara","PES","2015-09-10 00:00:00",64,"Balanced",31,"Little",53,"Mixed","Organised",41,"Normal",49,"Normal",41,"Normal","Organised",39,"Medium",46,"Press",43,"Normal","Cover"
"768",2007,9994,"Sporting Lokeren","LOK","2014-09-19 00:00:00",62,"Balanced",45,"Normal",52,"Mixed","Organised",42,"Normal",50,"Normal",62,"Normal","Organised",45,"Medium",52,"Press",52,"Normal","Cover"
"769",2007,9994,"Sporting Lokeren","LOK","2015-09-10 00:00:00",62,"Balanced",45,"Normal",52,"Mixed","Organised",42,"Normal",50,"Normal",62,"Normal","Organised",45,"Medium",52,"Press",52,"Normal","Cover"
"771",203,8690,"Reggio Calabria","REG","2014-09-19 00:00:00",52,"Balanced",55,"Normal",56,"Mixed","Organised",57,"Normal",74,"Lots",53,"Normal","Organised",38,"Medium",48,"Press",52,"Normal","Cover"
"776",206,9876,"Hellas Verona","VER","2014-09-19 00:00:00",63,"Balanced",46,"Normal",48,"Mixed","Organised",39,"Normal",54,"Normal",55,"Normal","Organised",31,"Deep",47,"Press",37,"Normal","Cover"
"778",206,9876,"Hellas Verona","VER","2015-09-10 00:00:00",57,"Balanced",29,"Little",38,"Mixed","Organised",39,"Normal",54,"Normal",55,"Normal","Organised",47,"Medium",59,"Press",52,"Normal","Cover"
"781",21,9823,"FC Bayern Munich","BMU","2015-09-10 00:00:00",45,"Balanced",24,"Little",28,"Short","Free Form",37,"Normal",31,"Little",22,"Little","Free Form",72,"High",53,"Press",59,"Normal","Cover"
"784",21,9823,"FC Bayern Munich","BMU","2014-09-19 00:00:00",37,"Balanced",34,"Normal",22,"Short","Free Form",21,"Safe",38,"Normal",40,"Normal","Free Form",61,"Medium",59,"Press",40,"Normal","Cover"
"786",210,7819,"SM Caen","CAE","2014-09-19 00:00:00",62,"Balanced",50,"Normal",45,"Mixed","Organised",48,"Normal",54,"Normal",53,"Normal","Organised",43,"Medium",42,"Press",51,"Normal","Cover"
"789",210,7819,"SM Caen","CAE","2015-09-10 00:00:00",62,"Balanced",50,"Normal",45,"Mixed","Organised",48,"Normal",54,"Normal",53,"Normal","Organised",43,"Medium",42,"Press",51,"Normal","Cover"
"792",217,8689,"FC Lorient","LOR","2015-09-10 00:00:00",57,"Balanced",42,"Normal",50,"Mixed","Organised",48,"Normal",53,"Normal",46,"Normal","Organised",51,"Medium",56,"Press",55,"Normal","Cover"
"796",217,8689,"FC Lorient","LOR","2014-09-19 00:00:00",60,"Balanced",56,"Normal",42,"Mixed","Organised",48,"Normal",53,"Normal",64,"Normal","Organised",43,"Medium",47,"Press",48,"Normal","Cover"
"798",219,8592,"Olympique de Marseille","MAR","2015-09-10 00:00:00",51,"Balanced",77,"Lots",41,"Mixed","Organised",49,"Normal",69,"Lots",31,"Little","Organised",48,"Medium",48,"Press",60,"Normal","Cover"
"803",219,8592,"Olympique de Marseille","MAR","2014-09-19 00:00:00",51,"Balanced",62,"Normal",50,"Mixed","Organised",49,"Normal",69,"Lots",68,"Lots","Organised",48,"Medium",48,"Press",60,"Normal","Cover"
"807",22,9789,"Borussia Dortmund","DOR","2014-09-19 00:00:00",76,"Fast",33,"Little",61,"Mixed","Organised",53,"Normal",44,"Normal",73,"Lots","Free Form",60,"Medium",68,"Double",43,"Normal","Cover"
"809",22,9789,"Borussia Dortmund","DOR","2015-09-10 00:00:00",71,"Fast",37,"Normal",40,"Mixed","Organised",70,"Risky",44,"Normal",49,"Normal","Free Form",65,"Medium",71,"Double",40,"Normal","Cover"
"811",226,9874,"FC Sochaux-Montbéliard","SOC","2014-09-19 00:00:00",63,"Balanced",62,"Normal",39,"Mixed","Organised",63,"Normal",64,"Normal",49,"Normal","Organised",54,"Medium",43,"Press",49,"Normal","Cover"
"815",226,9874,"FC Sochaux-Montbéliard","SOC","2015-09-10 00:00:00",63,"Balanced",62,"Normal",39,"Mixed","Organised",63,"Normal",64,"Normal",49,"Normal","Organised",54,"Medium",43,"Press",49,"Normal","Cover"
"816",229,8635,"RSC Anderlecht","AND","2015-09-10 00:00:00",52,"Balanced",46,"Normal",51,"Mixed","Organised",60,"Normal",53,"Normal",47,"Normal","Organised",53,"Medium",50,"Press",61,"Normal","Cover"
"821",229,8635,"RSC Anderlecht","AND","2014-09-19 00:00:00",52,"Balanced",46,"Normal",51,"Mixed","Organised",60,"Normal",53,"Normal",47,"Normal","Organised",60,"Medium",50,"Press",65,"Normal","Cover"
"824",23,9788,"Borussia Mönchengladbach","GLA","2014-09-19 00:00:00",31,"Slow",53,"Normal",32,"Short","Organised",38,"Normal",26,"Little",49,"Normal","Free Form",43,"Medium",50,"Press",41,"Normal","Cover"
"826",23,9788,"Borussia Mönchengladbach","GLA","2015-09-10 00:00:00",31,"Slow",53,"Normal",32,"Short","Organised",38,"Normal",26,"Little",49,"Normal","Free Form",41,"Medium",48,"Press",39,"Normal","Cover"
"828",231,8342,"Club Brugge KV","CLB","2014-09-19 00:00:00",42,"Balanced",52,"Normal",45,"Mixed","Organised",42,"Normal",57,"Normal",47,"Normal","Organised",51,"Medium",50,"Press",57,"Normal","Cover"
"830",231,8342,"Club Brugge KV","CLB","2015-09-10 00:00:00",42,"Balanced",52,"Normal",45,"Mixed","Organised",42,"Normal",57,"Normal",47,"Normal","Organised",51,"Medium",50,"Press",57,"Normal","Cover"
"834",232,9985,"Standard de Liège","STL","2014-09-19 00:00:00",54,"Balanced",45,"Normal",62,"Mixed","Organised",55,"Normal",58,"Normal",60,"Normal","Organised",45,"Medium",54,"Press",52,"Normal","Cover"
"837",232,9985,"Standard de Liège","STL","2015-09-10 00:00:00",54,"Balanced",45,"Normal",62,"Mixed","Organised",55,"Normal",58,"Normal",60,"Normal","Organised",45,"Medium",54,"Press",52,"Normal","Cover"
"840",234,9772,"SL Benfica","BEN","2015-09-10 00:00:00",69,"Fast",55,"Normal",53,"Mixed","Organised",65,"Normal",66,"Normal",54,"Normal","Organised",60,"Medium",57,"Press",54,"Normal","Cover"
"843",234,9772,"SL Benfica","BEN","2014-09-19 00:00:00",70,"Fast",55,"Normal",53,"Mixed","Organised",65,"Normal",66,"Normal",54,"Normal","Organised",60,"Medium",57,"Press",54,"Normal","Cover"
"847",236,9773,"FC Porto","POR","2015-09-10 00:00:00",70,"Fast",50,"Normal",53,"Mixed","Organised",56,"Normal",66,"Normal",68,"Lots","Organised",58,"Medium",60,"Press",60,"Normal","Cover"
"848",236,9773,"FC Porto","POR","2014-09-19 00:00:00",52,"Balanced",50,"Normal",53,"Mixed","Organised",56,"Normal",66,"Normal",68,"Lots","Organised",58,"Medium",60,"Press",60,"Normal","Cover"
"852",237,9768,"Sporting CP","SCP","2015-09-10 00:00:00",57,"Balanced",65,"Normal",56,"Mixed","Organised",42,"Normal",50,"Normal",55,"Normal","Organised",60,"Medium",60,"Press",54,"Normal","Cover"
"854",237,9768,"Sporting CP","SCP","2014-09-19 00:00:00",55,"Balanced",65,"Normal",56,"Mixed","Organised",42,"Normal",50,"Normal",55,"Normal","Organised",60,"Medium",60,"Press",54,"Normal","Cover"
"858",239,9989,"Lierse SK","LIE","2014-09-19 00:00:00",69,"Fast",44,"Normal",58,"Mixed","Organised",56,"Normal",52,"Normal",61,"Normal","Organised",38,"Medium",49,"Press",65,"Normal","Cover"
"862",239,9989,"Lierse SK","LIE","2015-09-10 00:00:00",69,"Fast",44,"Normal",58,"Mixed","Organised",56,"Normal",52,"Normal",61,"Normal","Organised",38,"Medium",49,"Press",65,"Normal","Cover"
"867",240,9906,"Atlético Madrid","AMA","2014-09-19 00:00:00",47,"Balanced",52,"Normal",51,"Mixed","Organised",67,"Risky",67,"Lots",54,"Normal","Organised",52,"Medium",37,"Press",55,"Normal","Cover"
"868",240,9906,"Atlético Madrid","AMA","2015-09-10 00:00:00",57,"Balanced",50,"Normal",50,"Mixed","Organised",61,"Normal",62,"Normal",49,"Normal","Organised",49,"Medium",42,"Press",52,"Normal","Cover"
"871",241,8634,"FC Barcelona","BAR","2015-09-10 00:00:00",36,"Balanced",35,"Normal",51,"Mixed","Free Form",36,"Normal",49,"Normal",56,"Normal","Free Form",61,"Medium",65,"Press",65,"Normal","Cover"
"872",241,8634,"FC Barcelona","BAR","2014-09-19 00:00:00",35,"Balanced",35,"Normal",32,"Short","Free Form",37,"Normal",31,"Little",35,"Normal","Free Form",61,"Medium",63,"Press",65,"Normal","Cover"
"878",242,9783,"RC Deportivo de La Coruña","COR","2015-09-10 00:00:00",53,"Balanced",55,"Normal",47,"Mixed","Organised",38,"Normal",52,"Normal",55,"Normal","Organised",45,"Medium",50,"Press",59,"Normal","Offside Trap"
"879",242,9783,"RC Deportivo de La Coruña","COR","2014-09-19 00:00:00",56,"Balanced",55,"Normal",46,"Mixed","Organised",38,"Normal",52,"Normal",68,"Lots","Organised",45,"Medium",50,"Press",59,"Normal","Cover"
"881",243,8633,"Real Madrid CF","REA","2014-09-19 00:00:00",50,"Balanced",54,"Normal",41,"Mixed","Organised",68,"Risky",54,"Normal",69,"Lots","Free Form",39,"Medium",49,"Press",65,"Normal","Cover"
"885",243,8633,"Real Madrid CF","REA","2015-09-10 00:00:00",50,"Balanced",57,"Normal",46,"Mixed","Free Form",61,"Normal",41,"Normal",63,"Normal","Free Form",52,"Medium",60,"Press",63,"Normal","Cover"
"890",244,8394,"Real Zaragoza","ZAR","2015-09-10 00:00:00",52,"Balanced",52,"Normal",50,"Mixed","Organised",52,"Normal",56,"Normal",57,"Normal","Organised",48,"Medium",43,"Press",49,"Normal","Cover"
"892",244,8394,"Real Zaragoza","ZAR","2014-09-19 00:00:00",38,"Balanced",48,"Normal",35,"Mixed","Organised",53,"Normal",56,"Normal",57,"Normal","Organised",51,"Medium",46,"Press",61,"Normal","Cover"
"896",245,8593,"Ajax","AJA","2015-09-10 00:00:00",35,"Balanced",43,"Normal",39,"Mixed","Organised",58,"Normal",55,"Normal",30,"Little","Free Form",64,"Medium",53,"Press",59,"Normal","Cover"
"898",245,8593,"Ajax","AJA","2014-09-19 00:00:00",40,"Balanced",40,"Normal",30,"Short","Organised",51,"Normal",55,"Normal",39,"Normal","Free Form",64,"Medium",53,"Press",64,"Normal","Cover"
"902",246,10235,"Feyenoord","FEY","2015-09-10 00:00:00",50,"Balanced",33,"Little",48,"Mixed","Organised",48,"Normal",67,"Lots",31,"Little","Organised",43,"Medium",46,"Press",40,"Normal","Cover"
"903",246,10235,"Feyenoord","FEY","2014-09-19 00:00:00",54,"Balanced",40,"Normal",60,"Mixed","Organised",48,"Normal",67,"Lots",50,"Normal","Organised",43,"Medium",43,"Press",40,"Normal","Cover"
"909",247,8640,"PSV","PSV","2015-09-10 00:00:00",67,"Fast",43,"Normal",43,"Mixed","Organised",53,"Normal",44,"Normal",28,"Little","Organised",40,"Medium",40,"Press",48,"Normal","Cover"
"910",247,8640,"PSV","PSV","2014-09-19 00:00:00",67,"Fast",35,"Normal",40,"Mixed","Organised",53,"Normal",53,"Normal",55,"Normal","Organised",50,"Medium",62,"Press",55,"Normal","Cover"
"911",25,8358,"SC Freiburg","FRE","2015-09-10 00:00:00",59,"Balanced",54,"Normal",38,"Mixed","Organised",55,"Normal",44,"Normal",45,"Normal","Free Form",53,"Medium",62,"Press",29,"Narrow","Cover"
"916",25,8358,"SC Freiburg","FRE","2014-09-19 00:00:00",39,"Balanced",58,"Normal",48,"Mixed","Organised",55,"Normal",33,"Little",44,"Normal","Free Form",59,"Medium",60,"Press",39,"Normal","Cover"
"918",260,9867,"CD Tenerife","TEN","2015-09-10 00:00:00",56,"Balanced",50,"Normal",57,"Mixed","Organised",56,"Normal",51,"Normal",54,"Normal","Organised",52,"Medium",50,"Press",69,"Wide","Cover"
"920",260,9867,"CD Tenerife","TEN","2014-09-19 00:00:00",56,"Balanced",50,"Normal",57,"Mixed","Organised",56,"Normal",51,"Normal",54,"Normal","Organised",52,"Medium",50,"Press",65,"Normal","Cover"
"921",28,9790,"Hamburger SV","HAM","2015-09-10 00:00:00",42,"Balanced",56,"Normal",52,"Mixed","Organised",62,"Normal",58,"Normal",47,"Normal","Organised",44,"Medium",41,"Press",49,"Normal","Cover"
"925",28,9790,"Hamburger SV","HAM","2014-09-19 00:00:00",45,"Balanced",61,"Normal",58,"Mixed","Organised",60,"Normal",73,"Lots",62,"Normal","Organised",45,"Medium",32,"Contain",63,"Normal","Cover"
"927",286,9824,"FC Vaduz","VAD","2015-09-10 00:00:00",53,"Balanced",32,"Little",56,"Mixed","Organised",38,"Normal",53,"Normal",46,"Normal","Organised",42,"Medium",33,"Contain",58,"Normal","Cover"
"928",29,8350,"1. FC Kaiserslautern","KAI","2014-09-19 00:00:00",66,"Balanced",48,"Normal",53,"Mixed","Organised",54,"Normal",69,"Lots",51,"Normal","Organised",47,"Medium",47,"Press",49,"Normal","Cover"
"933",29,8350,"1. FC Kaiserslautern","KAI","2015-09-10 00:00:00",49,"Balanced",54,"Normal",52,"Mixed","Organised",49,"Normal",54,"Normal",64,"Normal","Organised",41,"Medium",51,"Press",53,"Normal","Cover"
"934",294,10242,"ES Troyes AC","TRO","2015-09-10 00:00:00",49,"Balanced",48,"Normal",51,"Mixed","Organised",52,"Normal",49,"Normal",46,"Normal","Organised",43,"Medium",42,"Press",52,"Normal","Cover"
"937",294,10242,"ES Troyes AC","TRO","2014-09-19 00:00:00",49,"Balanced",48,"Normal",51,"Mixed","Organised",52,"Normal",49,"Normal",46,"Normal","Organised",43,"Medium",42,"Press",52,"Normal","Cover"
"940",3,8655,"Blackburn Rovers","BLB","2015-09-10 00:00:00",60,"Balanced",60,"Normal",65,"Mixed","Organised",59,"Normal",58,"Normal",42,"Normal","Organised",50,"Medium",50,"Press",57,"Normal","Cover"
"943",3,8655,"Blackburn Rovers","BLB","2014-09-19 00:00:00",44,"Balanced",31,"Little",62,"Mixed","Organised",63,"Normal",61,"Normal",40,"Normal","Organised",50,"Medium",50,"Press",47,"Normal","Cover"
"948",301,8024,"Widzew Lódz","WID","2014-09-19 00:00:00",66,"Balanced",52,"Normal",72,"Long","Organised",66,"Normal",67,"Lots",51,"Normal","Organised",36,"Medium",38,"Press",65,"Normal","Cover"
"951",301,8244,"Widzew Lódz","LOD","2014-09-19 00:00:00",66,"Balanced",52,"Normal",72,"Long","Organised",66,"Normal",67,"Lots",51,"Normal","Organised",36,"Medium",38,"Press",65,"Normal","Cover"
"953",31,8722,"1. FC Köln","FCK","2014-09-19 00:00:00",59,"Balanced",53,"Normal",57,"Mixed","Organised",53,"Normal",47,"Normal",59,"Normal","Organised",57,"Medium",46,"Press",54,"Normal","Cover"
"955",31,8722,"1. FC Köln","FCK","2015-09-10 00:00:00",59,"Balanced",47,"Normal",65,"Mixed","Organised",57,"Normal",36,"Normal",71,"Lots","Organised",42,"Medium",56,"Press",51,"Normal","Cover"
"959",32,8178,"Bayer 04 Leverkusen","LEV","2015-09-10 00:00:00",73,"Fast",29,"Little",55,"Mixed","Organised",77,"Risky",54,"Normal",61,"Normal","Organised",61,"Medium",72,"Double",50,"Normal","Cover"
"964",32,8178,"Bayer 04 Leverkusen","LEV","2014-09-19 00:00:00",69,"Fast",30,"Little",55,"Mixed","Organised",52,"Normal",55,"Normal",39,"Normal","Organised",50,"Medium",46,"Press",54,"Normal","Cover"
"965",322,9956,"Grasshopper Club Zürich","GRA","2015-09-10 00:00:00",50,"Balanced",60,"Normal",54,"Mixed","Organised",52,"Normal",54,"Normal",46,"Normal","Organised",36,"Medium",43,"Press",47,"Normal","Cover"
"969",322,9956,"Grasshopper Club Zürich","GRA","2014-09-19 00:00:00",50,"Balanced",60,"Normal",54,"Mixed","Organised",52,"Normal",54,"Normal",46,"Normal","Organised",36,"Medium",43,"Press",47,"Normal","Cover"
"974",34,10189,"FC Schalke 04","S04","2014-09-19 00:00:00",39,"Balanced",54,"Normal",45,"Mixed","Organised",42,"Normal",56,"Normal",41,"Normal","Organised",51,"Medium",51,"Press",40,"Normal","Cover"
"977",34,10189,"FC Schalke 04","S04","2015-09-10 00:00:00",58,"Balanced",43,"Normal",42,"Mixed","Organised",64,"Normal",61,"Normal",37,"Normal","Organised",55,"Medium",59,"Press",56,"Normal","Cover"
"985",36,10269,"VfB Stuttgart","STU","2015-09-10 00:00:00",59,"Balanced",55,"Normal",41,"Mixed","Organised",58,"Normal",66,"Normal",48,"Normal","Organised",41,"Medium",44,"Press",32,"Narrow","Cover"
"987",36,10269,"VfB Stuttgart","STU","2014-09-19 00:00:00",54,"Balanced",61,"Normal",53,"Mixed","Organised",60,"Normal",56,"Normal",48,"Normal","Organised",46,"Medium",54,"Press",40,"Normal","Cover"
"989",378,8521,"Stade Brestois 29","BRE","2014-09-19 00:00:00",59,"Balanced",48,"Normal",54,"Mixed","Organised",49,"Normal",53,"Normal",66,"Normal","Organised",44,"Medium",34,"Press",51,"Normal","Cover"
"990",378,8521,"Stade Brestois 29","BRE","2015-09-10 00:00:00",59,"Balanced",48,"Normal",54,"Mixed","Organised",49,"Normal",53,"Normal",66,"Normal","Organised",44,"Medium",34,"Press",51,"Normal","Cover"
"996",379,9837,"Stade de Reims","REI","2014-09-19 00:00:00",48,"Balanced",58,"Normal",48,"Mixed","Organised",48,"Normal",52,"Normal",50,"Normal","Organised",33,"Deep",44,"Press",50,"Normal","Cover"
"997",379,9837,"Stade de Reims","REI","2015-09-10 00:00:00",48,"Balanced",37,"Normal",49,"Mixed","Organised",48,"Normal",52,"Normal",58,"Normal","Organised",33,"Deep",44,"Press",50,"Normal","Cover"
"1002",38,8697,"SV Werder Bremen","WBR","2014-09-19 00:00:00",40,"Balanced",55,"Normal",47,"Mixed","Organised",37,"Normal",40,"Normal",51,"Normal","Organised",40,"Medium",50,"Press",45,"Normal","Cover"
"1004",38,8697,"SV Werder Bremen","WBR","2015-09-10 00:00:00",56,"Balanced",55,"Normal",63,"Mixed","Organised",68,"Risky",66,"Normal",58,"Normal","Organised",63,"Medium",47,"Press",73,"Wide","Cover"
"1007",39,8524,"Atalanta","ATA","2015-09-10 00:00:00",64,"Balanced",45,"Normal",37,"Mixed","Organised",38,"Normal",49,"Normal",51,"Normal","Organised",36,"Medium",63,"Press",49,"Normal","Cover"
"1011",39,8524,"Atalanta","ATA","2014-09-19 00:00:00",64,"Balanced",45,"Normal",37,"Mixed","Organised",38,"Normal",49,"Normal",51,"Normal","Organised",36,"Medium",66,"Press",49,"Normal","Cover"
"1012",4,8559,"Bolton Wanderers","BOL","2015-09-10 00:00:00",57,"Balanced",34,"Normal",61,"Mixed","Organised",72,"Risky",60,"Normal",38,"Normal","Organised",39,"Medium",48,"Press",58,"Normal","Cover"
"1016",4,8559,"Bolton Wanderers","BOL","2014-09-19 00:00:00",57,"Balanced",37,"Normal",73,"Long","Organised",72,"Risky",43,"Normal",56,"Normal","Organised",39,"Medium",48,"Press",58,"Normal","Cover"
"1018",434,9930,"FC Aarau","AAR","2015-09-10 00:00:00",47,"Balanced",41,"Normal",54,"Mixed","Organised",54,"Normal",63,"Normal",64,"Normal","Organised",47,"Medium",44,"Press",54,"Normal","Cover"
"1019",434,9930,"FC Aarau","AAR","2014-09-19 00:00:00",52,"Balanced",48,"Normal",56,"Mixed","Organised",54,"Normal",63,"Normal",64,"Normal","Organised",47,"Medium",44,"Press",54,"Normal","Cover"
"1027",44,8636,"Inter","INT","2014-09-19 00:00:00",67,"Fast",48,"Normal",67,"Long","Organised",68,"Risky",69,"Lots",66,"Normal","Organised",23,"Deep",57,"Press",34,"Normal","Cover"
"1028",44,8636,"Inter","INT","2015-09-10 00:00:00",58,"Balanced",69,"Lots",54,"Mixed","Organised",56,"Normal",60,"Normal",53,"Normal","Organised",47,"Medium",49,"Press",63,"Normal","Cover"
"1030",448,8315,"Athletic Club de Bilbao","BIL","2015-09-10 00:00:00",46,"Balanced",46,"Normal",39,"Mixed","Organised",50,"Normal",60,"Normal",36,"Normal","Free Form",49,"Medium",57,"Press",50,"Normal","Cover"
"1035",448,8315,"Athletic Club de Bilbao","BIL","2014-09-19 00:00:00",46,"Balanced",41,"Normal",38,"Mixed","Organised",52,"Normal",68,"Lots",37,"Normal","Organised",37,"Medium",60,"Press",65,"Normal","Cover"
"1038",449,8603,"Real Betis Balompié","BET","2015-09-10 00:00:00",59,"Balanced",49,"Normal",37,"Mixed","Organised",59,"Normal",43,"Normal",53,"Normal","Organised",58,"Medium",49,"Press",58,"Normal","Cover"
"1040",449,8603,"Real Betis Balompié","BET","2014-09-19 00:00:00",59,"Balanced",49,"Normal",37,"Mixed","Organised",59,"Normal",43,"Normal",53,"Normal","Organised",58,"Medium",49,"Press",58,"Normal","Cover"
"1042",45,9885,"Juventus","JUV","2014-09-19 00:00:00",26,"Slow",47,"Normal",24,"Short","Organised",64,"Normal",53,"Normal",72,"Lots","Organised",23,"Deep",67,"Double",36,"Normal","Cover"
"1045",45,9885,"Juventus","JUV","2015-09-10 00:00:00",50,"Balanced",35,"Normal",20,"Short","Organised",65,"Normal",50,"Normal",80,"Lots","Organised",35,"Medium",65,"Press",35,"Normal","Cover"
"1050",450,9910,"RC Celta de Vigo","CEL","2015-09-10 00:00:00",55,"Balanced",59,"Normal",38,"Mixed","Organised",41,"Normal",48,"Normal",50,"Normal","Free Form",55,"Medium",55,"Press",59,"Normal","Cover"
"1053",450,9910,"RC Celta de Vigo","CEL","2014-09-19 00:00:00",53,"Balanced",54,"Normal",62,"Mixed","Organised",59,"Normal",68,"Lots",52,"Normal","Organised",42,"Medium",52,"Press",65,"Normal","Cover"
"1055",452,8558,"RCD Espanyol","ESP","2014-09-19 00:00:00",50,"Balanced",52,"Normal",44,"Mixed","Organised",52,"Normal",60,"Normal",40,"Normal","Organised",37,"Medium",40,"Press",45,"Normal","Cover"
"1056",452,8558,"RCD Espanyol","ESP","2015-09-10 00:00:00",50,"Balanced",52,"Normal",44,"Mixed","Organised",52,"Normal",60,"Normal",40,"Normal","Free Form",37,"Medium",40,"Press",45,"Normal","Cover"
"1063",453,8661,"RCD Mallorca","MAL","2015-09-10 00:00:00",62,"Balanced",53,"Normal",57,"Mixed","Organised",53,"Normal",57,"Normal",53,"Normal","Organised",59,"Medium",41,"Press",56,"Normal","Cover"
"1064",453,8661,"RCD Mallorca","MAL","2014-09-19 00:00:00",62,"Balanced",53,"Normal",57,"Mixed","Organised",53,"Normal",57,"Normal",53,"Normal","Organised",59,"Medium",41,"Press",56,"Normal","Cover"
"1066",456,8696,"Racing Santander","SAN","2015-09-10 00:00:00",48,"Balanced",52,"Normal",47,"Mixed","Organised",53,"Normal",53,"Normal",53,"Normal","Organised",51,"Medium",47,"Press",53,"Normal","Cover"
"1074",457,8560,"Real Sociedad","SOC","2015-09-10 00:00:00",60,"Balanced",52,"Normal",50,"Mixed","Organised",54,"Normal",60,"Normal",52,"Normal","Organised",49,"Medium",53,"Press",53,"Normal","Cover"
"1076",457,8560,"Real Sociedad","SOC","2014-09-19 00:00:00",35,"Balanced",52,"Normal",36,"Mixed","Organised",60,"Normal",52,"Normal",59,"Normal","Organised",48,"Medium",53,"Press",65,"Normal","Cover"
"1077",459,9869,"Real Sporting de Gijón","SPG","2015-09-10 00:00:00",55,"Balanced",48,"Normal",50,"Mixed","Organised",62,"Normal",59,"Normal",38,"Normal","Organised",45,"Medium",54,"Press",41,"Normal","Cover"
"1080",459,9869,"Real Sporting de Gijón","SPG","2014-09-19 00:00:00",55,"Balanced",48,"Normal",43,"Mixed","Organised",68,"Risky",61,"Normal",44,"Normal","Organised",36,"Medium",60,"Press",39,"Normal","Cover"
"1083",46,8543,"Lazio","LAZ","2015-09-10 00:00:00",68,"Fast",65,"Normal",55,"Mixed","Organised",68,"Risky",80,"Lots",72,"Lots","Free Form",59,"Medium",66,"Press",65,"Normal","Cover"
"1084",46,8543,"Lazio","LAZ","2014-09-19 00:00:00",49,"Balanced",69,"Lots",54,"Mixed","Organised",68,"Risky",63,"Normal",69,"Lots","Organised",59,"Medium",53,"Press",54,"Normal","Cover"
"1091",461,10267,"Valencia CF","VAL","2015-09-10 00:00:00",35,"Balanced",46,"Normal",35,"Mixed","Organised",37,"Normal",51,"Normal",58,"Normal","Organised",49,"Medium",45,"Press",53,"Normal","Cover"
"1092",461,10267,"Valencia CF","VAL","2014-09-19 00:00:00",30,"Slow",45,"Normal",35,"Mixed","Organised",38,"Normal",56,"Normal",55,"Normal","Organised",51,"Medium",38,"Press",59,"Normal","Cover"
"1095",462,10281,"Real Valladolid","VAL","2015-09-10 00:00:00",43,"Balanced",40,"Normal",65,"Mixed","Organised",39,"Normal",51,"Normal",57,"Normal","Organised",47,"Medium",40,"Press",47,"Normal","Cover"
"1097",462,10281,"Real Valladolid","VAL","2014-09-19 00:00:00",55,"Balanced",44,"Normal",54,"Mixed","Organised",58,"Normal",68,"Lots",41,"Normal","Organised",51,"Medium",50,"Press",60,"Normal","Cover"
"1101",467,8372,"SD Eibar","EIB","2015-09-10 00:00:00",62,"Balanced",51,"Normal",52,"Mixed","Organised",59,"Normal",55,"Normal",52,"Normal","Organised",37,"Medium",56,"Press",49,"Normal","Cover"
"1102",467,8372,"SD Eibar","EIB","2014-09-19 00:00:00",62,"Balanced",51,"Normal",52,"Mixed","Organised",60,"Normal",55,"Normal",64,"Normal","Organised",37,"Medium",56,"Press",49,"Normal","Cover"
"1104",468,10268,"Elche CF","ELC","2015-09-10 00:00:00",51,"Balanced",52,"Normal",48,"Mixed","Organised",53,"Normal",54,"Normal",57,"Normal","Organised",49,"Medium",51,"Press",58,"Normal","Cover"
"1106",468,10268,"Elche CF","ELC","2014-09-19 00:00:00",55,"Balanced",47,"Normal",69,"Long","Organised",53,"Normal",54,"Normal",57,"Normal","Organised",49,"Medium",51,"Press",58,"Normal","Cover"
"1112",47,8564,"Milan","ACM","2014-09-19 00:00:00",48,"Balanced",70,"Lots",52,"Mixed","Organised",66,"Normal",36,"Normal",75,"Lots","Organised",58,"Medium",57,"Press",49,"Normal","Cover"
"1113",47,8564,"Milan","ACM","2015-09-10 00:00:00",48,"Balanced",70,"Lots",52,"Mixed","Organised",66,"Normal",36,"Normal",69,"Lots","Organised",58,"Medium",57,"Press",49,"Normal","Cover"
"1116",472,8306,"UD Las Palmas","LAS","2015-09-10 00:00:00",48,"Balanced",55,"Normal",44,"Mixed","Organised",53,"Normal",42,"Normal",53,"Normal","Organised",53,"Medium",39,"Press",57,"Normal","Cover"
"1117",472,8306,"UD Las Palmas","LAS","2014-09-19 00:00:00",48,"Balanced",55,"Normal",44,"Mixed","Organised",53,"Normal",42,"Normal",53,"Normal","Organised",53,"Medium",39,"Press",57,"Normal","Cover"
"1122",477,8388,"CD Numancia","NUM","2015-09-10 00:00:00",44,"Balanced",48,"Normal",45,"Mixed","Organised",54,"Normal",41,"Normal",57,"Normal","Organised",50,"Medium",46,"Press",62,"Normal","Cover"
"1123",477,8388,"CD Numancia","NUM","2014-09-19 00:00:00",44,"Balanced",48,"Normal",45,"Mixed","Organised",54,"Normal",41,"Normal",57,"Normal","Organised",50,"Medium",46,"Press",62,"Normal","Cover"
"1129",479,8371,"CA Osasuna","OSA","2014-09-19 00:00:00",38,"Balanced",53,"Normal",52,"Mixed","Organised",55,"Normal",59,"Normal",54,"Normal","Organised",47,"Medium",52,"Press",65,"Normal","Cover"
"1130",479,8371,"CA Osasuna","OSA","2015-09-10 00:00:00",38,"Balanced",53,"Normal",52,"Mixed","Organised",55,"Normal",59,"Normal",54,"Normal","Organised",47,"Medium",52,"Press",69,"Wide","Cover"
"1135",48,9875,"Napoli","NAP","2015-09-10 00:00:00",53,"Balanced",70,"Lots",37,"Mixed","Organised",68,"Risky",54,"Normal",67,"Lots","Organised",47,"Medium",57,"Press",53,"Normal","Offside Trap"
"1136",48,9875,"Napoli","NAP","2014-09-19 00:00:00",72,"Fast",74,"Lots",34,"Mixed","Organised",76,"Risky",66,"Normal",73,"Lots","Organised",61,"Medium",59,"Press",39,"Normal","Cover"
"1139",480,8370,"Rayo Vallecano","RAY","2014-09-19 00:00:00",45,"Balanced",52,"Normal",44,"Mixed","Organised",44,"Normal",44,"Normal",47,"Normal","Organised",63,"Medium",51,"Press",59,"Normal","Cover"
"1141",480,8370,"Rayo Vallecano","RAY","2015-09-10 00:00:00",29,"Slow",52,"Normal",44,"Mixed","Organised",44,"Normal",44,"Normal",47,"Normal","Organised",54,"Medium",52,"Press",63,"Normal","Cover"
"1145",481,8302,"Sevilla FC","SEV","2015-09-10 00:00:00",53,"Balanced",53,"Normal",53,"Mixed","Organised",53,"Normal",52,"Normal",60,"Normal","Organised",42,"Medium",48,"Press",59,"Normal","Cover"
"1146",481,8302,"Sevilla FC","SEV","2014-09-19 00:00:00",65,"Balanced",53,"Normal",65,"Mixed","Organised",53,"Normal",57,"Normal",38,"Normal","Organised",38,"Medium",49,"Press",55,"Normal","Cover"
"1153",483,10205,"Villarreal CF","VIL","2015-09-10 00:00:00",48,"Balanced",42,"Normal",36,"Mixed","Free Form",36,"Normal",52,"Normal",55,"Normal","Free Form",47,"Medium",48,"Press",44,"Normal","Cover"
"1154",483,10205,"Villarreal CF","VIL","2014-09-19 00:00:00",35,"Balanced",42,"Normal",35,"Mixed","Organised",43,"Normal",57,"Normal",58,"Normal","Organised",51,"Medium",51,"Press",56,"Normal","Cover"
"1157",485,9904,"Hannover 96","HAN","2014-09-19 00:00:00",48,"Balanced",55,"Normal",38,"Mixed","Organised",38,"Normal",51,"Normal",40,"Normal","Organised",37,"Medium",48,"Press",56,"Normal","Cover"
"1161",485,9904,"Hannover 96","HAN","2015-09-10 00:00:00",48,"Balanced",55,"Normal",41,"Mixed","Organised",38,"Normal",51,"Normal",40,"Normal","Organised",35,"Medium",50,"Press",61,"Normal","Cover"
"1165",5,8455,"Chelsea","CHE","2014-09-19 00:00:00",67,"Fast",52,"Normal",38,"Mixed","Organised",41,"Normal",61,"Normal",68,"Lots","Organised",39,"Medium",41,"Press",46,"Normal","Cover"
"1168",5,8455,"Chelsea","CHE","2015-09-10 00:00:00",67,"Fast",41,"Normal",36,"Mixed","Organised",41,"Normal",34,"Normal",44,"Normal","Organised",39,"Medium",41,"Press",46,"Normal","Cover"
"1171",50,10167,"Parma","PAR","2014-09-19 00:00:00",48,"Balanced",71,"Lots",33,"Short","Organised",69,"Risky",62,"Normal",45,"Normal","Organised",54,"Medium",66,"Press",46,"Normal","Offside Trap"
"1173",50,10167,"Parma","PAR","2015-09-10 00:00:00",48,"Balanced",66,"Normal",33,"Short","Organised",69,"Risky",62,"Normal",45,"Normal","Organised",43,"Medium",43,"Press",46,"Normal","Cover"
"1176",52,8686,"Roma","ROM","2015-09-10 00:00:00",68,"Fast",27,"Little",47,"Mixed","Organised",71,"Risky",54,"Normal",66,"Normal","Free Form",36,"Medium",57,"Press",48,"Normal","Cover"
"1177",52,8686,"Roma","ROM","2014-09-19 00:00:00",67,"Fast",48,"Normal",38,"Mixed","Organised",73,"Risky",64,"Normal",56,"Normal","Free Form",36,"Medium",57,"Press",34,"Normal","Cover"
"1181",54,9804,"Torino","TOR","2014-09-19 00:00:00",76,"Fast",69,"Lots",64,"Mixed","Organised",64,"Normal",72,"Lots",53,"Normal","Organised",39,"Medium",34,"Press",52,"Normal","Cover"
"1184",54,9804,"Torino","TOR","2015-09-10 00:00:00",69,"Fast",69,"Lots",36,"Mixed","Organised",37,"Normal",69,"Lots",53,"Normal","Organised",39,"Medium",46,"Press",52,"Normal","Cover"
"1190",55,8600,"Udinese","UDI","2014-09-19 00:00:00",71,"Fast",71,"Lots",63,"Mixed","Organised",69,"Risky",78,"Lots",52,"Normal","Organised",40,"Medium",46,"Press",57,"Normal","Cover"
"1191",55,8600,"Udinese","UDI","2015-09-10 00:00:00",68,"Fast",54,"Normal",63,"Mixed","Organised",69,"Risky",68,"Lots",52,"Normal","Organised",40,"Medium",57,"Press",57,"Normal","Cover"
"1195",57,8583,"AJ Auxerre","AUX","2014-09-19 00:00:00",64,"Balanced",55,"Normal",49,"Mixed","Organised",51,"Normal",63,"Normal",50,"Normal","Organised",34,"Medium",45,"Press",36,"Normal","Cover"
"1196",57,8583,"AJ Auxerre","AUX","2015-09-10 00:00:00",64,"Balanced",55,"Normal",49,"Mixed","Organised",51,"Normal",63,"Normal",50,"Normal","Organised",34,"Medium",45,"Press",40,"Normal","Cover"
"1200",571,8479,"RC Recreativo","HUE","2015-09-10 00:00:00",37,"Balanced",38,"Normal",43,"Mixed","Organised",30,"Safe",42,"Normal",37,"Normal","Organised",40,"Medium",49,"Press",54,"Normal","Cover"
"1201",571,8479,"RC Recreativo","HUE","2014-09-19 00:00:00",41,"Balanced",53,"Normal",54,"Mixed","Organised",45,"Normal",50,"Normal",35,"Normal","Organised",40,"Medium",49,"Press",62,"Normal","Cover"
"1206",573,9864,"Málaga CF","MAL","2015-09-10 00:00:00",42,"Balanced",51,"Normal",36,"Mixed","Organised",41,"Normal",40,"Normal",50,"Normal","Organised",47,"Medium",37,"Press",52,"Normal","Offside Trap"
"1210",573,9864,"Málaga CF","MAL","2014-09-19 00:00:00",45,"Balanced",42,"Normal",36,"Mixed","Organised",69,"Risky",69,"Lots",50,"Normal","Organised",64,"Medium",58,"Press",42,"Normal","Cover"
"1212",58,7794,"SC Bastia","BAS","2014-09-19 00:00:00",67,"Fast",61,"Normal",43,"Mixed","Organised",56,"Normal",51,"Normal",49,"Normal","Organised",39,"Medium",47,"Press",48,"Normal","Cover"
"1213",58,7794,"SC Bastia","BAS","2015-09-10 00:00:00",61,"Balanced",61,"Normal",52,"Mixed","Organised",56,"Normal",51,"Normal",49,"Normal","Organised",44,"Medium",55,"Press",48,"Normal","Cover"
"1217",59,9827,"Girondins de Bordeaux","BOR","2014-09-19 00:00:00",38,"Balanced",49,"Normal",36,"Mixed","Organised",49,"Normal",55,"Normal",51,"Normal","Organised",37,"Medium",33,"Contain",49,"Normal","Cover"
"1222",59,9827,"Girondins de Bordeaux","BOR","2015-09-10 00:00:00",51,"Balanced",40,"Normal",48,"Mixed","Organised",49,"Normal",63,"Normal",44,"Normal","Organised",57,"Medium",52,"Press",49,"Normal","Cover"
"1225",614,8576,"AC Ajaccio","AJA","2015-09-10 00:00:00",59,"Balanced",57,"Normal",52,"Mixed","Organised",48,"Normal",38,"Normal",52,"Normal","Organised",38,"Medium",47,"Press",53,"Normal","Cover"
"1227",614,8576,"AC Ajaccio","AJA","2014-09-19 00:00:00",59,"Balanced",57,"Normal",52,"Mixed","Organised",48,"Normal",38,"Normal",52,"Normal","Organised",38,"Medium",47,"Press",53,"Normal","Cover"
"1230",62,9747,"En Avant de Guingamp","GUI","2015-09-10 00:00:00",63,"Balanced",37,"Normal",58,"Mixed","Organised",42,"Normal",56,"Normal",36,"Normal","Organised",49,"Medium",47,"Press",49,"Normal","Cover"
"1232",62,9747,"En Avant de Guingamp","GUI","2014-09-19 00:00:00",63,"Balanced",58,"Normal",48,"Mixed","Organised",53,"Normal",49,"Normal",48,"Normal","Organised",43,"Medium",47,"Press",49,"Normal","Cover"
"1234",620,8066,"Inverness Caledonian Thistle","INV","2015-09-10 00:00:00",48,"Balanced",47,"Normal",32,"Short","Organised",57,"Normal",48,"Normal",69,"Lots","Free Form",44,"Medium",44,"Press",51,"Normal","Cover"
"1236",620,8066,"Inverness Caledonian Thistle","INV","2014-09-19 00:00:00",61,"Balanced",49,"Normal",59,"Mixed","Organised",50,"Normal",57,"Normal",55,"Normal","Organised",43,"Medium",41,"Press",46,"Normal","Cover"
"1239",631,8649,"Ross County FC","ROS","2015-09-10 00:00:00",45,"Balanced",48,"Normal",60,"Mixed","Organised",46,"Normal",49,"Normal",58,"Normal","Organised",36,"Medium",53,"Press",34,"Normal","Cover"
"1241",631,8649,"Ross County FC","ROS","2014-09-19 00:00:00",34,"Balanced",50,"Normal",34,"Mixed","Organised",44,"Normal",38,"Normal",38,"Normal","Organised",39,"Medium",51,"Press",44,"Normal","Cover"
"1245",64,8588,"RC Lens","LEN","2015-09-10 00:00:00",64,"Balanced",44,"Normal",50,"Mixed","Organised",49,"Normal",53,"Normal",46,"Normal","Organised",46,"Medium",44,"Press",49,"Normal","Cover"
"1246",64,8588,"RC Lens","LEN","2014-09-19 00:00:00",64,"Balanced",52,"Normal",49,"Mixed","Organised",49,"Normal",53,"Normal",34,"Normal","Organised",46,"Medium",44,"Press",49,"Normal","Cover"
"1250",647,7788,"SC Cambuur","CAM","2015-09-10 00:00:00",43,"Balanced",36,"Normal",57,"Mixed","Organised",46,"Normal",50,"Normal",38,"Normal","Organised",42,"Medium",49,"Press",47,"Normal","Cover"
"1251",647,7788,"SC Cambuur","CAM","2014-09-19 00:00:00",45,"Balanced",39,"Normal",42,"Mixed","Organised",46,"Normal",56,"Normal",57,"Normal","Organised",42,"Medium",49,"Press",47,"Normal","Cover"
"1252",65,8639,"LOSC Lille","LIL","2015-09-10 00:00:00",45,"Balanced",36,"Normal",43,"Mixed","Organised",68,"Risky",52,"Normal",64,"Normal","Organised",59,"Medium",42,"Press",48,"Normal","Cover"
"1255",65,8639,"LOSC Lille","LIL","2014-09-19 00:00:00",45,"Balanced",65,"Normal",42,"Mixed","Organised",68,"Risky",52,"Normal",49,"Normal","Organised",59,"Medium",42,"Press",48,"Normal","Cover"
"1259",650,10217,"ADO Den Haag","HAA","2015-09-10 00:00:00",56,"Balanced",40,"Normal",66,"Mixed","Organised",55,"Normal",52,"Normal",38,"Normal","Organised",40,"Medium",50,"Press",52,"Normal","Cover"
"1263",650,10217,"ADO Den Haag","HAA","2014-09-19 00:00:00",58,"Balanced",47,"Normal",55,"Mixed","Organised",55,"Normal",52,"Normal",44,"Normal","Organised",57,"Medium",50,"Press",52,"Normal","Cover"
"1268",66,9748,"Olympique Lyonnais","LYO","2015-09-10 00:00:00",49,"Balanced",60,"Normal",52,"Mixed","Organised",49,"Normal",54,"Normal",67,"Lots","Organised",46,"Medium",47,"Press",47,"Normal","Cover"
"1269",66,9748,"Olympique Lyonnais","LYO","2014-09-19 00:00:00",49,"Balanced",60,"Normal",52,"Mixed","Organised",49,"Normal",54,"Normal",67,"Lots","Organised",46,"Medium",47,"Press",47,"Normal","Cover"
"1270",665,10238,"Vitória Setúbal","SET","2014-09-19 00:00:00",56,"Balanced",49,"Normal",42,"Mixed","Organised",54,"Normal",52,"Normal",52,"Normal","Organised",37,"Medium",37,"Press",58,"Normal","Cover"
"1273",665,10238,"Vitória Setúbal","SET","2015-09-10 00:00:00",58,"Balanced",49,"Normal",42,"Mixed","Organised",54,"Normal",52,"Normal",52,"Normal","Organised",37,"Medium",37,"Press",58,"Normal","Cover"
"1276",670,9986,"Sporting Charleroi","CHA","2014-09-19 00:00:00",60,"Balanced",47,"Normal",53,"Mixed","Organised",48,"Normal",50,"Normal",48,"Normal","Organised",42,"Medium",48,"Press",49,"Normal","Cover"
"1277",670,9986,"Sporting Charleroi","CHA","2015-09-10 00:00:00",60,"Balanced",47,"Normal",53,"Mixed","Organised",48,"Normal",50,"Normal",48,"Normal","Organised",39,"Medium",48,"Press",49,"Normal","Cover"
"1284",673,9987,"KRC Genk","GEN","2014-09-19 00:00:00",58,"Balanced",52,"Normal",38,"Mixed","Organised",67,"Risky",48,"Normal",56,"Normal","Organised",47,"Medium",45,"Press",55,"Normal","Cover"
"1285",673,9987,"KRC Genk","GEN","2015-09-10 00:00:00",58,"Balanced",52,"Normal",38,"Mixed","Organised",30,"Safe",69,"Lots",56,"Normal","Organised",36,"Medium",57,"Press",70,"Wide","Cover"
"1289",674,9991,"KAA Gent","GEN","2015-09-10 00:00:00",50,"Balanced",55,"Normal",37,"Mixed","Organised",42,"Normal",66,"Normal",34,"Normal","Organised",49,"Medium",54,"Press",52,"Normal","Cover"
"1292",674,9991,"KAA Gent","GEN","2014-09-19 00:00:00",50,"Balanced",55,"Normal",37,"Mixed","Organised",28,"Safe",66,"Normal",34,"Normal","Organised",55,"Medium",59,"Press",52,"Normal","Cover"
"1298",68,8550,"FC Metz","MET","2014-09-19 00:00:00",55,"Balanced",42,"Normal",49,"Mixed","Organised",49,"Normal",54,"Normal",53,"Normal","Organised",46,"Medium",54,"Press",50,"Normal","Cover"
"1300",68,8550,"FC Metz","MET","2015-09-10 00:00:00",55,"Balanced",48,"Normal",49,"Mixed","Organised",46,"Normal",54,"Normal",53,"Normal","Organised",39,"Medium",46,"Press",42,"Normal","Cover"
"1308",681,10001,"KVC Westerlo","WES","2015-09-10 00:00:00",52,"Balanced",46,"Normal",50,"Mixed","Organised",57,"Normal",55,"Normal",32,"Little","Organised",48,"Medium",45,"Press",53,"Normal","Cover"
"1309",682,8573,"KV Oostende","OOS","2014-09-19 00:00:00",52,"Balanced",49,"Normal",54,"Mixed","Organised",45,"Normal",42,"Normal",53,"Normal","Organised",42,"Medium",47,"Press",44,"Normal","Cover"
"1310",682,8573,"KV Oostende","OOS","2015-09-10 00:00:00",52,"Balanced",49,"Normal",54,"Mixed","Organised",45,"Normal",42,"Normal",53,"Normal","Organised",42,"Medium",47,"Press",44,"Normal","Cover"
"1312",69,9829,"AS Monaco","MON","2014-09-19 00:00:00",52,"Balanced",68,"Lots",48,"Mixed","Organised",37,"Normal",37,"Normal",37,"Normal","Organised",35,"Medium",34,"Press",51,"Normal","Cover"
"1313",69,9829,"AS Monaco","MON","2015-09-10 00:00:00",52,"Balanced",42,"Normal",43,"Mixed","Organised",54,"Normal",56,"Normal",23,"Little","Organised",56,"Medium",62,"Press",51,"Normal","Cover"
"1317",7,8668,"Everton","EVE","2015-09-10 00:00:00",43,"Balanced",45,"Normal",40,"Mixed","Organised",39,"Normal",33,"Little",63,"Normal","Organised",52,"Medium",58,"Press",59,"Normal","Cover"
"1319",7,8668,"Everton","EVE","2014-09-19 00:00:00",61,"Balanced",34,"Normal",42,"Mixed","Organised",39,"Normal",59,"Normal",48,"Normal","Organised",52,"Medium",58,"Press",60,"Normal","Cover"
"1323",70,10249,"Montpellier Hérault SC","MON","2014-09-19 00:00:00",52,"Balanced",58,"Normal",47,"Mixed","Organised",48,"Normal",49,"Normal",52,"Normal","Organised",53,"Medium",56,"Press",48,"Normal","Cover"
"1328",70,10249,"Montpellier Hérault SC","MON","2015-09-10 00:00:00",54,"Balanced",43,"Normal",65,"Mixed","Organised",48,"Normal",49,"Normal",45,"Normal","Organised",53,"Medium",56,"Press",48,"Normal","Cover"
"1329",71,9830,"FC Nantes","NAN","2014-09-19 00:00:00",63,"Balanced",53,"Normal",48,"Mixed","Organised",52,"Normal",55,"Normal",49,"Normal","Organised",47,"Medium",51,"Press",54,"Normal","Cover"
"1334",71,9830,"FC Nantes","NAN","2015-09-10 00:00:00",63,"Balanced",70,"Lots",56,"Mixed","Organised",52,"Normal",55,"Normal",46,"Normal","Organised",39,"Medium",41,"Press",52,"Normal","Cover"
"1336",72,9831,"OGC Nice","NIC","2014-09-19 00:00:00",48,"Balanced",61,"Normal",66,"Mixed","Organised",49,"Normal",66,"Normal",34,"Normal","Organised",56,"Medium",47,"Press",64,"Normal","Cover"
"1339",72,9831,"OGC Nice","NIC","2015-09-10 00:00:00",48,"Balanced",55,"Normal",53,"Mixed","Organised",49,"Normal",66,"Normal",38,"Normal","Organised",57,"Medium",47,"Press",61,"Normal","Cover"
"1344",73,9847,"Paris Saint-Germain","PSG","2015-09-10 00:00:00",49,"Balanced",47,"Normal",34,"Mixed","Organised",62,"Normal",61,"Normal",35,"Normal","Organised",57,"Medium",53,"Press",56,"Normal","Cover"
"1346",73,9847,"Paris Saint-Germain","PSG","2014-09-19 00:00:00",49,"Balanced",70,"Lots",55,"Mixed","Organised",62,"Normal",61,"Normal",68,"Lots","Organised",57,"Medium",53,"Press",56,"Normal","Cover"
"1350",74,9851,"Stade Rennais FC","REN","2015-09-10 00:00:00",64,"Balanced",62,"Normal",41,"Mixed","Organised",49,"Normal",52,"Normal",64,"Normal","Organised",46,"Medium",44,"Press",51,"Normal","Cover"
"1352",74,9851,"Stade Rennais FC","REN","2014-09-19 00:00:00",64,"Balanced",62,"Normal",41,"Mixed","Organised",49,"Normal",52,"Normal",64,"Normal","Organised",46,"Medium",44,"Press",51,"Normal","Cover"
"1355",744,7841,"Rio Ave FC","RA","2014-09-19 00:00:00",66,"Balanced",47,"Normal",44,"Mixed","Organised",58,"Normal",65,"Normal",54,"Normal","Organised",39,"Medium",48,"Press",66,"Normal","Cover"
"1356",744,7841,"Rio Ave FC","RA","2015-09-10 00:00:00",66,"Balanced",47,"Normal",44,"Mixed","Organised",58,"Normal",65,"Normal",54,"Normal","Organised",39,"Medium",48,"Press",66,"Normal","Cover"
"1359",77,8485,"Aberdeen","ABE","2014-09-19 00:00:00",58,"Balanced",64,"Normal",62,"Mixed","Organised",56,"Normal",68,"Lots",57,"Normal","Organised",41,"Medium",42,"Press",60,"Normal","Cover"
"1363",77,8485,"Aberdeen","ABE","2015-09-10 00:00:00",59,"Balanced",64,"Normal",53,"Mixed","Organised",51,"Normal",72,"Lots",63,"Normal","Free Form",49,"Medium",45,"Press",63,"Normal","Cover"
"1367",78,9925,"Celtic","CEL","2015-09-10 00:00:00",54,"Balanced",49,"Normal",53,"Mixed","Organised",51,"Normal",51,"Normal",62,"Normal","Organised",58,"Medium",55,"Press",56,"Normal","Cover"
"1370",78,9925,"Celtic","CEL","2014-09-19 00:00:00",70,"Fast",52,"Normal",58,"Mixed","Organised",55,"Normal",61,"Normal",62,"Normal","Organised",51,"Medium",54,"Press",60,"Normal","Cover"
"1375",80,9860,"Heart of Midlothian","HEA","2014-09-19 00:00:00",55,"Balanced",51,"Normal",62,"Mixed","Organised",55,"Normal",61,"Normal",60,"Normal","Organised",49,"Medium",52,"Press",57,"Normal","Cover"
"1377",81,10251,"Hibernian","HIB","2014-09-19 00:00:00",55,"Balanced",49,"Normal",44,"Mixed","Organised",47,"Normal",43,"Normal",49,"Normal","Organised",43,"Medium",41,"Press",40,"Normal","Cover"
"1382",82,8597,"Kilmarnock","KIL","2014-09-19 00:00:00",56,"Balanced",50,"Normal",61,"Mixed","Organised",56,"Normal",48,"Normal",46,"Normal","Organised",44,"Medium",44,"Press",52,"Normal","Cover"
"1383",82,8597,"Kilmarnock","KIL","2015-09-10 00:00:00",50,"Balanced",48,"Normal",60,"Mixed","Organised",49,"Normal",62,"Normal",47,"Normal","Organised",46,"Medium",46,"Press",52,"Normal","Cover"
"1390",83,9927,"Motherwell","MOT","2015-09-10 00:00:00",64,"Balanced",46,"Normal",55,"Mixed","Organised",44,"Normal",45,"Normal",27,"Little","Organised",37,"Medium",44,"Press",51,"Normal","Cover"
"1392",83,9927,"Motherwell","MOT","2014-09-19 00:00:00",70,"Fast",47,"Normal",55,"Mixed","Organised",42,"Normal",47,"Normal",60,"Normal","Organised",41,"Medium",43,"Press",62,"Normal","Cover"
"1396",86,8548,"Rangers","RAN","2015-09-10 00:00:00",45,"Balanced",53,"Normal",55,"Mixed","Organised",38,"Normal",62,"Normal",53,"Normal","Organised",48,"Medium",48,"Press",55,"Normal","Cover"
"1397",86,8548,"Rangers","RAN","2014-09-19 00:00:00",45,"Balanced",49,"Normal",45,"Mixed","Organised",38,"Normal",62,"Normal",60,"Normal","Organised",48,"Medium",48,"Press",62,"Normal","Cover"
"1400",873,2182,"Lech Poznan","POZ","2014-09-19 00:00:00",67,"Fast",55,"Normal",54,"Mixed","Organised",56,"Normal",62,"Normal",67,"Lots","Organised",47,"Medium",47,"Press",63,"Normal","Cover"
"1405",873,2182,"Lech Poznan","POZ","2015-09-10 00:00:00",57,"Balanced",50,"Normal",40,"Mixed","Free Form",59,"Normal",70,"Lots",67,"Lots","Free Form",50,"Medium",58,"Press",45,"Normal","Cover"
"1409",874,1601,"Ruch Chorzów","CHO","2014-09-19 00:00:00",53,"Balanced",48,"Normal",38,"Mixed","Organised",66,"Normal",65,"Normal",50,"Normal","Organised",43,"Medium",44,"Press",49,"Normal","Cover"
"1411",874,1601,"Ruch Chorzów","CHO","2015-09-10 00:00:00",47,"Balanced",48,"Normal",38,"Mixed","Organised",61,"Normal",65,"Normal",50,"Normal","Organised",43,"Medium",44,"Press",49,"Normal","Cover"
"1412",88,8658,"Birmingham City","BIR","2015-09-10 00:00:00",56,"Balanced",32,"Little",75,"Long","Organised",77,"Risky",62,"Normal",64,"Normal","Organised",42,"Medium",47,"Press",54,"Normal","Cover"
"1416",88,8658,"Birmingham City","BIR","2014-09-19 00:00:00",56,"Balanced",39,"Normal",79,"Long","Organised",77,"Risky",71,"Lots",56,"Normal","Organised",42,"Medium",48,"Press",54,"Normal","Cover"
"1420",894,10243,"FC Zürich","ZUR","2014-09-19 00:00:00",62,"Balanced",49,"Normal",46,"Mixed","Organised",47,"Normal",50,"Normal",54,"Normal","Organised",47,"Medium",43,"Press",56,"Normal","Cover"
"1421",894,10243,"FC Zürich","ZUR","2015-09-10 00:00:00",62,"Balanced",49,"Normal",46,"Mixed","Organised",47,"Normal",50,"Normal",54,"Normal","Organised",47,"Medium",43,"Press",56,"Normal","Cover"
"1426",896,9931,"FC Basel","BAS","2015-09-10 00:00:00",61,"Balanced",63,"Normal",46,"Mixed","Organised",66,"Normal",66,"Normal",54,"Normal","Organised",47,"Medium",58,"Press",53,"Normal","Cover"
"1428",896,9931,"FC Basel","BAS","2014-09-19 00:00:00",61,"Balanced",63,"Normal",46,"Mixed","Organised",66,"Normal",66,"Normal",54,"Normal","Organised",47,"Medium",58,"Press",53,"Normal","Cover"
"1433",897,10199,"FC Luzern","LUZ","2014-09-19 00:00:00",63,"Balanced",51,"Normal",51,"Mixed","Organised",54,"Normal",40,"Normal",66,"Normal","Organised",48,"Medium",53,"Press",50,"Normal","Cover"
"1435",897,10199,"FC Luzern","LUZ","2015-09-10 00:00:00",63,"Balanced",51,"Normal",51,"Mixed","Organised",54,"Normal",40,"Normal",66,"Normal","Organised",48,"Medium",53,"Press",50,"Normal","Cover"
"1439",898,10190,"FC St. Gallen","GAL","2015-09-10 00:00:00",52,"Balanced",46,"Normal",48,"Mixed","Organised",39,"Normal",39,"Normal",37,"Normal","Organised",40,"Medium",36,"Press",52,"Normal","Cover"
"1440",898,10190,"FC St. Gallen","GAL","2014-09-19 00:00:00",52,"Balanced",46,"Normal",48,"Mixed","Organised",39,"Normal",39,"Normal",37,"Normal","Organised",40,"Medium",41,"Press",52,"Normal","Cover"
"1442",9,8650,"Liverpool","LIV","2014-09-19 00:00:00",71,"Fast",48,"Normal",32,"Short","Organised",34,"Normal",41,"Normal",61,"Normal","Organised",51,"Medium",48,"Press",62,"Normal","Cover"
"1444",9,8650,"Liverpool","LIV","2015-09-10 00:00:00",66,"Balanced",60,"Normal",45,"Mixed","Organised",34,"Normal",34,"Normal",46,"Normal","Organised",51,"Medium",52,"Press",61,"Normal","Cover"
"1448",900,10192,"BSC Young Boys","YB","2015-09-10 00:00:00",52,"Balanced",56,"Normal",64,"Mixed","Organised",39,"Normal",66,"Normal",46,"Normal","Organised",44,"Medium",34,"Press",50,"Normal","Cover"
"1449",900,10192,"BSC Young Boys","YB","2014-09-19 00:00:00",52,"Balanced",56,"Normal",64,"Mixed","Organised",39,"Normal",66,"Normal",46,"Normal","Organised",44,"Medium",34,"Press",50,"Normal","Cover"
"1453",95,8197,"Leicester City","LEI","2014-09-19 00:00:00",63,"Balanced",36,"Normal",48,"Mixed","Organised",47,"Normal",62,"Normal",69,"Lots","Organised",58,"Medium",62,"Press",54,"Normal","Cover"
"1455",95,8197,"Leicester City","LEI","2015-09-10 00:00:00",63,"Balanced",41,"Normal",60,"Mixed","Organised",47,"Normal",64,"Normal",46,"Normal","Organised",58,"Medium",65,"Press",55,"Normal","Cover"
